gff_file,scaffold_name,clustering_id,annotation_id,prot_sequence,dna_sequence,gene_name,description
capsule_14_fragmented,CR931662.1_1,0_0_0,GAIOKLBP_00001,LVAGLTNGELIAPMTYEETMTSDFFEVWFQKFFLPTLTTPSVIIMDNARFHRMGKLELLCEEFGHKLLPLPPYSPEYNPIEKTWAHIKKPRKRYYQVAIPFTRLFYPALISIDCIISVIV,TTGGTTGCAGGTCTAACAAATGGTGAGTTAATCGCTCCAATGACTTACGAAGAAACGATGACGAGCGACTTTTTTGAAGTATGGTTTCAGAAGTTTTTCTTACCAACATTAACCACACCATCGGTTATTATTATGGATAATGCAAGATTCCATAGAATGGGGAAGCTAGAACTTTTATGCGAAGAGTTTGGGCATAAACTTTTACCTCTTCCTCCCTACTCACCTGAGTACAATCCTATTGAGAAAACATGGGCTCATATCAAAAAGCCTCGTAAAAGGTATTACCAAGTTGCAATACCTTTTACGAGGCTTTTTTATCCTGCTCTTATTTCAATTGACTGTATTATCAGCGTAATAGTCTAA,,IS630 family transposase IS630-Spn1
capsule_14_fragmented,CR931662.1_2,0_1_0,GAIOKLBP_00002,MTVNRDTKKILLTTTPRDAYVPIADGGNNQKDKLTHAGIYGVDSSIHTLENLYGVDINYYVRLNFTSFLKMIDLLGGVDVHNDQEFSALHGKFHFPVGNVHLDSEQALGFVRERYSLADGDRDRGRNQQKVIVAILQKLTSTEALKNYSTIIDSLQDSIQTNMPLETMINLVNAQLESGGNYKVNSQDLKGTGRTDLPSYAMPDSNLYVMEIDDSSLAVVKAAIQDVMEGR,ATGACTGTCAATCGAGATACCAAGAAAATCCTCTTGACCACAACGCCACGTGATGCCTATGTACCAATAGCAGATGGTGGAAATAATCAAAAAGATAAATTAACCCATGCGGGCATTTATGGAGTTGATTCGTCCATTCACACCTTAGAAAATCTCTATGGAGTGGATATCAATTACTATGTGCGATTGAACTTCACTTCTTTCTTGAAAATGATTGACTTATTGGGAGGGGTAGATGTTCATAATGATCAAGAGTTTTCAGCTCTACATGGGAAGTTCCATTTCCCAGTAGGGAATGTCCATCTAGACTCTGAGCAGGCTCTAGGTTTTGTACGTGAACGCTACTCACTAGCCGATGGAGACCGTGACCGTGGTCGCAACCAACAAAAGGTGATTGTGGCTATCCTTCAAAAATTAACGTCAACCGAAGCACTGAAAAATTATAGTACGATCATTGATAGCTTGCAAGATTCTATCCAAACAAATATGCCACTTGAGACTATGATAAATTTGGTCAATGCTCAGTTAGAAAGTGGAGGGAATTATAAAGTAAATTCTCAAGATTTAAAAGGTACAGGTCGGACGGATCTTCCTTCTTATGCAATGCCAGACAGTAACCTCTATGTGATGGAAATAGATGATAGTAGTTTAGCTGTAGTTAAAGCAGCTATACAGGATGTGATGGAGGGTAGATGA,,[gene=wzg] [locus_tag=SPC14_0004] [db_xref=GOA:Q9R928InterPro:IPR004190InterPro:IPR004474UniProtKB/TrEMBL:Q9R928][protein=integral membrane regulatory protein Wzg] [protein_id=CAI33317.1] [location=1200..2645][gbkey=CDS]
capsule_14_fragmented,CR931662.1_3,0_2_0,GAIOKLBP_00003,MHTSYRQIHTGLSNILMLGITPVIAHIERYDALENNEKHVRELIDMGCYTQINSYHVSKPKFFGEKYKFMKKRARYFLERDLVHVVASDMHNLDSRPPYMQQAYDIIAKKYGAKKAKELFVDNPRKIIMDQLI,ATGCATACTTCCTATCGTCAGATTCATACGGGATTGAGCAATATTTTGATGTTGGGAATCACGCCAGTAATTGCTCATATTGAACGTTATGATGCTTTAGAGAATAACGAAAAACATGTTCGTGAACTGATTGATATGGGGTGCTATACTCAGATAAATAGTTATCATGTTTCAAAACCTAAGTTCTTTGGTGAAAAATATAAATTCATGAAAAAGAGAGCTCGGTATTTTTTGGAACGTGATTTAGTTCATGTAGTTGCAAGTGACATGCACAATTTAGACAGTAGACCTCCATATATGCAACAGGCATATGATATCATTGCTAAGAAATATGGAGCGAAAAAAGCGAAAGAACTTTTTGTAGATAATCCCAGAAAAATTATAATGGATCAATTAATTTAG,,[gene=wzh] [locus_tag=SPC14_0005] [db_xref=GOA:Q4K1S9InterPro:IPR004013InterPro:IPR016667UniProtKB/TrEMBL:Q4K1S9][protein=protein-tyrosine phosphatase Wzh] [protein_id=CAI33318.1] [location=2647..3378] [gbkey=CDS]
capsule_14_fragmented,CR931662.1_4,0_3_0,GAIOKLBP_00004,LKLDLTPKGLANKIKVTVPVDTRIVSVSVNDRVPEEASRIANSLREVAAQKIISITRVSDVTTLEEARPAISPSSPNIKRNTLIGFLAGVSGTSVIVFLLEFLNTRVKRPEDIENTLQMTLLGVVPNLSKLK,TTGAAACTAGATTTGACGCCAAAAGGTTTGGCTAATAAAATTAAAGTAACAGTACCAGTTGATACCCGTATTGTCTCTGTTTCAGTTAATGATCGAGTTCCTGAAGAGGCAAGCCGTATCGCTAACTCTTTGAGAGAAGTAGCTGCTCAAAAAATTATCAGTATTACTCGTGTTTCTGATGTGACAACACTGGAGGAGGCAAGACCGGCGATATCACCGTCTTCGCCAAATATTAAACGCAATACACTAATTGGTTTTTTGGCAGGGGTGAGTGGAACTAGTGTTATAGTTTTTCTTCTTGAATTTTTGAACACTCGTGTGAAACGTCCGGAAGATATCGAAAATACACTGCAGATGACACTTTTGGGAGTTGTACCAAACTTGAGTAAGTTGAAATAG,,[gene=wzd] [locus_tag=SPC14_0006] [db_xref=GOA:Q4K1S8InterPro:IPR003856InterPro:IPR005701UniProtKB/TrEMBL:Q4K1S8][protein=capsular polysaccharide biosynthesis protein Wzd] [protein_id=CAI33319.1] [location=3387..4079][gbkey=CDS]
capsule_14_fragmented,CR931662.1_5,0_4_0,GAIOKLBP_00005,MEIMVKNNLGKILWIKKDWKFFWQYYRVLLSFYWFIFLALLERQNLNVLRWLYYTFSTFLYSILVPMVTNFLKEGT,ATGGAAATTATGGTAAAAAATAACTTAGGAAAGATTTTATGGATAAAAAAGGATTGGAAATTTTTCTGGCAGTATTACAGAGTATTATTGTCATTTTATTGGTTTATTTTCTTAGCTTTGTTAGAGAGACAGAACTTGAACGTTCTTCGATGGTTATACTATACCTTCTCCACTTTTTTGTATTCTATTTTAGTTCCTATGGTAACAAATTTTTTAAAAGAGGGTACCTAG,,hypothetical protein
capsule_14_fragmented,CR931662.1_8,0_5_0,GAIOKLBP_00006,MQFVKITKEIYNLIVIDDISDLHLILHNFKDKHFETYLNNERFNVRFNVEISNLFKGNKINEN,ATGCAATTTGTAAAAATAACGAAAGAAATATACAATTTAATAGTTATAGATGATATTTCAGACTTACATTTAATTCTTCATAATTTTAAGGACAAACATTTTGAAACTTATTTGAATAACGAGAGATTTAATGTACGTTTCAATGTGGAAATCAGTAACCTTTTTAAAGGAAATAAAATAAATGAAAATTAG,,[gene=wchK] [locus_tag=SPC14_0010] [db_xref=GOA:Q4K1S4InterPro:IPR007235UniProtKB/TrEMBL:Q4K1S4][protein=putative glycosyl transferase] [protein_id=CAI33323.1][location=6608..7111] [gbkey=CDS]
capsule_14_fragmented,CR931662.1_9,0_6_0,GAIOKLBP_00007,MQLILFFLIALTLLPTYIKEKQVFKIDTPSFCMVLWTIIYSISIIFNSLIDGLAVQVLFSDLSKAFNWLIAVFFYNYYLKMPINIDRIKRYMYYNFTILVVFVGLFYIQRGSNVILFGRSLLDWDGFTLATSYGVRYTGFLEYATLNGQLILFLLPLIRLFRFRFFTQTIIFAFLLEVLVLSKSRIAIVAMLIYIAFAVVNEINSNNKWLIGIFCPIIPFMLFYNFEKIKQIFFQMFSSRSGSNATRFRVYEESLKAINGMEMLLGAGVRIPSTVDILLGSHSMYISFIYRTGVLGSIIITVMFYYLFSKFLKCDSSERLRSIGYILALSVFWLFEELDPHYWCLILFFSTISIFINNRKEEIVG,ATGCAATTAATATTATTCTTTTTAATTGCTTTAACTCTTTTACCAACCTATATAAAAGAAAAACAAGTTTTTAAAATAGATACACCGTCTTTTTGTATGGTGCTATGGACTATTATATATTCTATATCTATAATATTTAATTCTCTGATTGATGGATTGGCTGTTCAAGTGTTATTTTCAGATTTGAGTAAAGCATTTAATTGGCTAATAGCAGTATTTTTTTATAATTATTATTTGAAAATGCCAATCAATATTGACAGGATAAAGAGATATATGTATTATAATTTTACTATCTTAGTTGTTTTTGTCGGTTTATTCTATATACAAAGAGGCTCCAATGTAATTTTGTTTGGAAGAAGTTTGTTAGACTGGGACGGATTTACATTAGCTACTAGTTATGGTGTAAGATATACAGGTTTTTTAGAATACGCAACTTTAAATGGTCAGTTAATTCTTTTTTTATTACCGTTAATTAGATTGTTTAGATTTAGATTTTTTACACAAACTATCATTTTTGCTTTTCTTCTAGAGGTTTTGGTACTAAGCAAATCTAGAATAGCGATTGTTGCAATGCTTATATATATAGCATTTGCAGTAGTCAATGAGATTAATTCAAACAATAAATGGCTTATTGGAATTTTCTGTCCAATTATTCCTTTTATGTTATTTTACAATTTTGAAAAAATTAAACAGATTTTTTTTCAAATGTTTAGTTCTAGATCGGGTAGCAATGCGACACGCTTTAGAGTGTATGAGGAATCCCTAAAAGCTATTAATGGAATGGAAATGTTACTTGGCGCAGGTGTCAGAATTCCCTCTACAGTAGATATATTATTGGGGTCACATTCTATGTATATAAGTTTTATTTATAGGACAGGAGTTTTAGGAAGTATAATAATAACAGTAATGTTTTATTATCTGTTTTCTAAATTTTTAAAATGTGATTCATCTGAGAGACTAAGAAGTATTGGCTATATTCTAGCTTTGTCAGTATTTTGGCTTTTTGAAGAGTTAGATCCACATTATTGGTGTTTAATTTTATTTTTTTCAACAATAAGTATTTTCATAAACAATAGAAAAGAGGAAATAGTTGGATGA,,[gene=wzy] [locus_tag=SPC14_0011] [db_xref=UniProtKB/TrEMBL:P72516] [protein=oligosaccharide repeat unit polymerase Wzy] [protein_id=CAI33324.1] [location=7101..8273][gbkey=CDS]
capsule_14_fragmented,CR931662.1_10,0_7_0,GAIOKLBP_00008,MGVSAARNVGLSYASGEYVFFLDSDDILDEGMLSKMYQFAKSNKIDLLSCWHKEPSTTQYGGNDNSSASFIARTKEEIGNHFVDIFPRSACAKLFLRRRIEENNIAFSTEMSLGEDMSFVCQYLMVSRSIAVIDGLYYTIQNVNPQSLSKRYVSNIENSLLMQNQLWDQLLEVYPKIEENYYKQHMDFRFYLASLYVNNLFKFDSPYSSKEKWDNIAQQLKKYRPFLDEKVSKEKKPKNMNEMVIFYLLKSKIPALIYSFYSFKEWWKKKRLKN,ATGGGAGTATCTGCTGCCAGAAACGTAGGATTATCGTATGCAAGCGGAGAGTATGTGTTCTTTTTAGATTCAGATGATATATTAGATGAAGGTATGCTATCTAAAATGTATCAGTTTGCAAAAAGTAATAAAATTGATCTTTTATCTTGTTGGCATAAAGAGCCTAGTACAACACAATACGGTGGTAATGATAATAGTTCAGCTTCATTTATTGCACGAACAAAAGAGGAAATAGGAAATCATTTTGTGGATATTTTTCCGAGAAGTGCTTGTGCTAAGTTATTTCTTCGTAGAAGAATTGAGGAAAACAATATTGCTTTTTCGACTGAAATGTCACTAGGAGAAGATATGTCATTCGTTTGCCAATACTTGATGGTCTCAAGGAGTATTGCAGTAATTGATGGACTGTATTATACTATTCAGAATGTTAATCCACAGTCATTATCTAAGCGATATGTAAGTAATATCGAAAACTCCCTATTAATGCAGAATCAGTTATGGGATCAATTATTAGAAGTTTATCCTAAAATTGAGGAGAACTACTACAAGCAACATATGGATTTTAGATTTTATCTTGCTAGTTTATATGTGAATAATTTATTTAAATTTGATTCTCCGTATTCCTCAAAAGAAAAATGGGATAATATTGCACAACAATTAAAAAAATATAGACCATTTTTAGATGAGAAAGTGAGCAAAGAAAAGAAGCCTAAAAATATGAATGAGATGGTCATTTTTTATTTACTGAAGTCTAAAATTCCCGCGTTAATCTATTCTTTTTACTCATTTAAAGAATGGTGGAAGAAAAAGCGATTAAAAAATTGA,,[gene=wchL] [locus_tag=SPC14_0012] [db_xref=GOA:Q4K1S2InterPro:IPR001173UniProtKB/TrEMBL:Q4K1S2][protein=putative glycosyl transferase] [protein_id=CAI33325.1][location=8270..9289] [gbkey=CDS]
capsule_14_fragmented,CR931662.1_12,0_8_0,GAIOKLBP_00009,MRTHFLGREIIVLTEENISDYIDIPDYITDKYKKGSISRAHYSDILRVELLCRYGGLWVDVTVLNTGGDFSNLELPLFVYKYLDLSRKDSQAIVASSWLISSYSNHPILLYARKLLWEYWRRKNSLCNYFLFHIFFTTATELYPIEWSAVLTFNNHSPHMLNFELNNQFSEKRWEQLKQISVFHKLNHHIDYSIGVNNFYKFIVSSKVEKNE,ATGAGAACTCATTTTCTTGGAAGAGAGATTATCGTACTGACAGAAGAAAATATAAGTGACTATATAGATATACCAGATTATATCACTGATAAATATAAAAAGGGTTCGATTTCTCGTGCACATTATTCAGATATCCTTCGGGTAGAACTCTTATGTCGTTATGGAGGATTATGGGTAGATGTAACAGTGTTGAATACAGGAGGAGATTTCTCAAATCTTGAGTTGCCACTTTTTGTATATAAATATTTGGATTTATCAAGAAAAGATTCTCAAGCCATTGTAGCATCAAGTTGGTTAATTTCGTCATATAGTAATCATCCTATATTGCTGTATGCGAGAAAACTACTCTGGGAGTATTGGCGTAGAAAAAATAGTTTATGCAATTATTTTTTATTTCATATATTCTTTACAACAGCTACAGAGCTGTACCCAATCGAATGGTCTGCTGTCCTTACTTTTAACAATCATTCTCCTCATATGCTTAATTTTGAGTTAAATAATCAATTTTCAGAAAAAAGGTGGGAACAGCTAAAACAGATATCGGTGTTTCATAAATTAAATCATCATATAGATTATTCTATCGGTGTTAACAATTTTTATAAGTTTATAGTATCTTCGAAAGTTGAGAAAAATGAGTAA,,[gene=wchN] [locus_tag=SPC14_0014] [db_xref=GOA:O07341InterPro:IPR008441UniProtKB/TrEMBL:O07341][protein=putative glycosyl transferase] [protein_id=CAI33327.1][location=10348..11196] [gbkey=CDS]
capsule_14_fragmented,CR931662.1_13,0_9_0,GAIOKLBP_00010,LFLIFSFVHESSDLWKYTLINGGVTLVGQLLLWGQLKGRLSWVKIQKKDLLSHIKPILVLFIPVLAISIFSNMDKYMLGLMVGVKQVGFYDNANRIIDIPKALIAALEAVMLPRTSYLLAEGQEEKSNYYIEVTILYAMMISSVLIFGIISVSDIFSLVFWGEEFLESGRLIAAMAPVFVFSVPGNIIRTQYLIPRAKDKDYVLSLIIGALVNILLNCFLIKPFGAMGATISTVLAEFVLYGVQFWTVRRDLDFKKYLKNGFIFYLFGMIMYLAIIAAKAHLQYNIINLVLLIVLGGIVYTGFCCFYILISRNVHFEILREKIKRKIGYENIL,TTGTTTTTAATATTTTCGTTTGTACATGAAAGCTCAGATTTATGGAAGTACACCTTAATAAACGGAGGAGTGACTTTAGTTGGGCAACTTTTGTTATGGGGACAATTAAAAGGCAGATTATCTTGGGTGAAGATTCAAAAAAAGGATTTACTATCTCATATCAAACCAATTTTAGTTCTTTTCATTCCTGTGTTAGCAATCAGTATCTTTAGTAATATGGATAAATATATGCTTGGTTTAATGGTTGGTGTTAAGCAAGTTGGATTTTATGATAATGCAAATCGTATTATCGATATTCCTAAAGCATTAATTGCAGCATTAGAGGCTGTTATGTTACCACGAACATCTTATTTATTAGCAGAAGGTCAGGAGGAAAAAAGTAATTACTATATAGAGGTTACAATCCTTTATGCGATGATGATTTCGAGTGTATTGATATTTGGTATAATATCGGTTTCTGATATTTTCTCGCTTGTATTTTGGGGAGAAGAATTCCTTGAATCAGGAAGATTAATTGCTGCTATGGCACCAGTTTTTGTTTTTTCTGTTCCAGGAAATATAATTAGAACACAGTATTTGATTCCTAGAGCAAAGGATAAAGATTATGTGTTGTCTCTAATAATAGGTGCTCTAGTTAATATATTATTGAACTGTTTCTTAATAAAACCTTTTGGAGCCATGGGTGCTACGATTAGTACAGTTTTGGCAGAATTTGTCTTGTATGGAGTGCAATTTTGGACAGTCAGAAGAGATTTAGACTTTAAAAAATATTTAAAGAATGGTTTTATATTTTACCTATTTGGTATGATTATGTATTTAGCTATTATAGCAGCAAAAGCTCATTTGCAATATAATATAATAAATCTTGTTCTCCTTATAGTGCTGGGAGGAATAGTATATACTGGCTTTTGTTGTTTCTACATTTTAATATCAAGAAACGTACATTTTGAGATATTACGGGAAAAAATTAAACGAAAGATTGGTTATGAAAATATATTATAA,,[gene=wzx] [locus_tag=SPC14_0015] [db_xref=GOA:O07342InterPro:IPR002797UniProtKB/TrEMBL:O07342][protein=flippase Wzx] [protein_id=CAI33328.1] [location=11189..12652][gbkey=CDS]
capsule_14_fragmented,CR931662.1_14,0_10_0,GAIOKLBP_00011,MPTFRDDASTKAYNLDYDKVINSFQDFYNRKVKVLIRFHPNVDNTFFNNTDKRLINVTDYPNPQDLMFVADIMISDYSSAPIDFLLLNRVVFLYLPDFKEYQSDKNPFFEVFKVSKTKGIALDPFDEIIGRFQFGVRIV,ATGCCTACTTTTAGGGATGATGCTTCAACGAAGGCGTATAATCTTGATTACGATAAGGTAATAAATTCATTTCAAGATTTTTATAACAGAAAAGTTAAAGTATTGATTCGTTTTCATCCAAATGTAGATAATACATTTTTTAATAATACTGATAAAAGATTAATTAATGTGACAGATTATCCTAATCCGCAGGATTTAATGTTTGTGGCTGATATTATGATTTCAGACTATTCGTCAGCACCCATAGATTTTTTGTTATTAAATCGAGTAGTCTTTCTGTATCTACCAGATTTTAAAGAATATCAGAGCGATAAAAATCCGTTTTTTGAAGTTTTCAAAGTTTCGAAAACCAAAGGCATTGCGCTTGATCCGTTTGATGAGATTATTGGTCGCTTCCAGTTTGGCGTTAGAATAGTGTAG,,[gene=wciY] [locus_tag=SPC14_0016] [db_xref=GOA:O07343InterPro:IPR007554UniProtKB/TrEMBL:O07343][protein=putative glycerol phosphotransferase] [protein_id=CAI33329.1][location=12636..13715] [gbkey=CDS]
capsule_14_fragmented,CR931662.1_14,0_10_1,GAIOKLBP_00012,MCACQIFICVACNLFKCNFYFRFLFFSIGNFKVTISFVYRLTCCKVFMFPIATFFINFFYRIFVNLILIWNFKCSPTLIWLYTFSIPFRFVIFEQLNPDLRLFSSFFYIFPFFSNSNGSWFNFPSNCC,ATGTGCGCCTGCCAAATCTTTATTTGTGTCGCCTGCAATCTTTTTAAATGTAACTTTTATTTTAGGTTTCTCTTTTTTAGTATTGGTAATTTCAAAGTGACCATTTCCTTTGTTTACAGGTTGACCTGCTGTAAAGTCTTTATGTTTCCAATCGCGACCTTCTTTATCAACTTCTTTTACAGAATATTTGTTAATCTCATCCTTATTTGGAATTTCAAATGTAGTCCGACCCTTATCTGGCTCTATACGTTTTCGATCCCCTTCAGGTTTGTCATCTTTGAGCAATTGAATCCAGACCTCAGGCTTTTCAGCTCCTTCTTTTACATTTTCCCATTTTTTAGTAACAGTAATGGTAGCTGGTTCAATTTTCCATCTAACTGTTGCTAA,,hypothetical protein
capsule_14_fragmented,CR931662.1_15,0_11_0,GAIOKLBP_00013,LKLKPGHYIFHEAVAPGGYLAVTDIHFSVDETGQVTVTDVNGNTAVAEGNKLTVTDQTKPVTPPSPEEPGAQEVHFSKVNVGGEEIAGAEIHIKQGDTVVASWVSEAGKTHTLKLKPGHYIFHEAVAPGGYLAVTDIHFSVDETGQVTVTDVNGNTAVAEGNKLTVTDQSADKDKQDKLPNTGETTGTYLSILGMITAVFASLLYRSKKK,TTGAAACTAAAACCAGGTCACTATATCTTCCATGAAGCAGTAGCTCCAGGTGGCTATCTAGCAGTAACAGATATTCACTTTAGTGTAGATGAAACTGGTCAAGTGACAGTAACTGATGTAAATGGAAATACAGCTGTAGCGGAAGGCAACAAGCTTACGGTTACAGACCAAACCAAACCAGTAACCCCACCAAGCCCAGAAGAGCCAGGAGCACAAGAAGTTCACTTTAGTAAAGTCAATGTAGGCGGAGAAGAAATTGCAGGTGCGGAAATTCACATCAAGCAAGGCGACACTGTCGTGGCAAGCTGGGTATCAGAAGCCGGTAAGACACATACATTGAAACTAAAACCAGGTCACTATATCTTCCATGAAGCAGTAGCTCCAGGTGGCTATCTAGCAGTAACAGATATTCACTTTAGTGTAGATGAAACTGGTCAAGTGACAGTAACTGATGTAAATGGAAATACAGCTGTAGCGGAAGGCAACAAGCTTACGGTTACAGACCAAAGTGCTGATAAAGATAAGCAAGATAAGTTGCCAAATACAGGAGAAACAACAGGAACTTATTTGTCAATACTTGGTATGATTACTGCAGTTTTTGCAAGCCTATTGTACCGTAGTAAGAAAAAATAG,,[gene=lrp] [locus_tag=SPC14_0017] [db_xref=GOA:Q4K1R7InterPro:IPR001899InterPro:IPR019931InterPro:IPR019948UniProtKB/TrEMBL:Q4K1R7][protein=putative surface anchored protein] [protein_id=CAI33330.1] [location=14075..18154][gbkey=CDS]
capsule_14_fragmented,CR931662.1_15,0_11_1,GAIOKLBP_00014,MSRVRVQIMNQFHQKSHEYKAIKRYWKLIQQDSRKLSDKRFYRPTFRMHLTNKEILDKLLSYSQDLKHHYQLYQLLLFHFQNKEPEKFFGLIEDNLKQVHPIFQTVFKTFLKDKEKIVNALQLHYSNAKLEATNNLIKLIKRNAFGFRNFENFKKRIFIALNIKKERTKFVLSRA,ATGAGTCGTGTGCGTGTTCAAATCATGAATCAGTTTCATCAAAAATCCCATGAATACAAGGCTATCAAGCGCTACTGGAAACTCATTCAACAGGATAGCCGTAAACTGAGTGATAAGCGATTTTATCGTCCTACTTTTCGTATGCATTTAACCAATAAAGAGATTTTAGACAAGCTTTTGAGCTATTCACAAGACTTGAAACATCACTATCAGCTCTATCAGCTCTTGCTTTTTCACTTCCAGAATAAGGAACCAGAGAAATTTTTCGGACTTATCGAGGACAATCTTAAGCAGGTTCATCCTATTTTTCAGACTGTCTTTAAAACCTTTCTAAAGGACAAAGAGAAAATCGTCAACGCCCTTCAACTACACTATTCTAATGCCAAACTGGAAGCGACCAATAATCTCATCAAACTTATCAAGCGCAATGCCTTTGGTTTTCGAAACTTTGAAAACTTCAAAAAACGGATTTTTATCGCTTTGAACATCAAAAAAGAAAGGACAAAATTTGTCCTTTCTCGAGCTTAG,,ISL3 family transposase ISSpn14
capsule_14_fragmented,CR931662.1_15,0_11_2,GAIOKLBP_00015,MEQLHFITKLLDIKDPNIQILDIVNKDTHKEIIAKLDYEAPSCPECGSQMKKYDFQKPSKIPYLETTGMPTRILLRKRRFKCYHCSKMMVAETSIVKKNHQIPRIINQKIAQKLIEKISMTDIAHQLAISTSTVIRKLNDFHFECNFRNLPKIMSWDVETVRGVTVSIGRWR,ATGGAACAATTACATTTTATCACAAAATTACTAGACATTAAAGACCCTAATATCCAGATTTTAGACATTGTCAATAAGGATACACACAAGGAAATCATCGCCAAACTGGACTATGAAGCTCCATCTTGTCCTGAGTGCGGAAGTCAAATGAAGAAATATGACTTTCAAAAACCTTCTAAAATTCCTTATCTTGAAACGACTGGTATGCCTACTAGAATTCTCCTTAGAAAGCGTCGTTTCAAGTGCTATCATTGTTCTAAAATGATGGTCGCTGAAACTTCTATCGTCAAGAAAAATCACCAAATTCCTCGTATTATCAACCAAAAAATTGCGCAAAAGTTGATTGAGAAGATTTCTATGACCGATATTGCTCATCAGCTGGCCATTTCAACTTCAACTGTCATTCGAAAGCTCAATGACTTCCACTTTGAGTGTAATTTTAGAAATCTGCCTAAGATTATGTCTTGGGACGTTGAAACAGTCCGGGGAGTGACTGTTTCAATCGGGAGATGGAGATGA,,ISL3 family transposase IS1167
capsule_15a_fragmented,CR931663.1_1,1_0_0,KHAAIJFI_00001,LVAGLTNGELIAPMTYEETMTSDFFEAWFQKFLLPTLTTPSVIIMDNARFHRMGKLELLCEEFGYKLLPLPPYSPEYNPIEKTWAHIKKPRKRYYQVAIPFMRLFCLVLVSIDYVISVIV,TTGGTTGCAGGTCTAACAAATGGTGAGTTAATCGCTCCAATGACTTACGAAGAGACGATGACGAGCGACTTTTTTGAAGCTTGGTTTCAGAAGTTTCTCTTACCAACATTAACCACACCATCGGTTATTATTATGGATAATGCAAGATTCCATAGAATGGGTAAGTTAGAACTCTTGTGTGAAGAGTTTGGGTATAAACTTTTACCTCTTCCTCCCTACTCACCTGAGTACAATCCTATTGAGAAAACATGGGCTCATATCAAAAAGCCTCGTAAAAGGTATTACCAAGTTGCCATACCTTTTATGAGGCTCTTTTGTCTTGTTCTTGTTTCAATTGACTATGTTATCAGCGTAATAGTCTAA,,hypothetical protein
capsule_15a_fragmented,CR931663.1_2,1_1_0,KHAAIJFI_00002,MPIETMIDLVNTQLESGGNYKVNSQDLKGTGRMDLPSYAIPDSNLYVMEIDDSSLAVVKAAIEDVMEGR,ATGCCGATTGAGACTATGATAGATTTAGTGAATACTCAGTTGGAAAGTGGGGGGAATTATAAAGTAAATTCTCAAGATTTAAAAGGGACAGGTCGGATGGATCTTCCTTCTTATGCAATACCAGACAGTAACCTCTATGTGATGGAAATAGATGATAGTAGTTTAGCTGTAGTTAAAGCAGCTATAGAGGATGTGATGGAGGGTAGATGA,,[gene=wzg] [locus_tag=SPC15A_0004] [db_xref=GOA:Q4K1R4InterPro:IPR004190InterPro:IPR004474UniProtKB/TrEMBL:Q4K1R4][protein=integral membrane regulatory protein Wzg] [protein_id=CAI33336.1] [location=1202..2647][gbkey=CDS]
capsule_15a_fragmented,CR931663.1_3,1_2_0,KHAAIJFI_00003,LVIAYGAEIYYTPDVLDKLEKKRIPTLNDSRYALIEFSMNTPYRDIHSALSKILMLGITPVIAHIERYDALENNEKRVRELIDMGCYTQVNSSHVLKSKLFGERYKFMKKRAQYFLEQDLVHVIASDMHNLDGRPPHMAEAYDLVTQKYGEAKAQELFVDNPRKIIMDQLI,TTGGTCATTGCTTACGGGGCTGAAATTTACTACACACCAGATGTTCTGGATAAGCTAGAAAAAAAGCGGATTCCGACCCTCAATGATAGTCGTTATGCCTTGATAGAGTTTAGTATGAACACTCCTTATCGCGATATTCATAGCGCCTTGAGCAAGATCTTGATGTTGGGAATTACTCCAGTCATTGCCCACATTGAGCGCTATGATGCTCTTGAAAATAATGAAAAACGCGTTCGAGAATTGATCGATATGGGCTGTTACACGCAAGTAAATAGTTCACATGTCCTCAAATCCAAACTTTTTGGCGAACGTTATAAATTCATGAAAAAAAGAGCTCAGTATTTTTTAGAGCAGGATTTGGTCCATGTCATTGCAAGTGATATGCACAATCTAGACGGCAGACCTCCTCATATGGCAGAAGCATATGACCTTGTTACCCAAAAATACGGAGAAGCGAAGGCTCAGGAACTTTTTGTAGATAATCCCAGAAAAATTATAATGGATCAATTAATTTAG,,[gene=wzh] [locus_tag=SPC15A_0005] [db_xref=GOA:Q4K1R3InterPro:IPR004013InterPro:IPR016667UniProtKB/TrEMBL:Q4K1R3][protein=protein-tyrosine phosphatase Wzh] [protein_id=CAI33337.1] [location=2649..3380] [gbkey=CDS]
capsule_15a_fragmented,CR931663.1_4,1_3_0,KHAAIJFI_00004,LKLDLTPKGLANKIKVTVPVDTRIVSISVKDKQPEEASRIANSLREVAAEKIVAVTRVSDVTTLEEARPATTPSSPNVRRNTLFGFLGGAVVTVIAVLLIELLDTRVKRPEDVEDVLQIPLLGLVPDLDKMK,TTGAAACTAGATTTGACGCCAAAAGGTTTGGCTAATAAAATTAAAGTGACAGTACCAGTTGATACCCGTATTGTCTCAATCTCTGTCAAGGATAAACAGCCAGAGGAAGCCAGTCGTATCGCTAATTCTCTACGAGAAGTTGCTGCAGAAAAGATCGTCGCTGTAACGCGAGTATCTGATGTAACGACACTTGAAGAAGCGCGACCAGCTACGACTCCCTCTTCTCCAAATGTTCGACGCAACACCTTGTTTGGTTTTCTTGGAGGAGCCGTCGTAACAGTAATTGCTGTTCTTTTGATTGAGTTGCTCGACACCCGTGTGAAACGTCCTGAAGATGTTGAAGATGTACTGCAAATTCCACTTTTAGGGCTCGTTCCAGATTTGGACAAAATGAAATAG,,[gene=wzd] [locus_tag=SPC15F_0006] [db_xref=GOA:Q4K1K7InterPro:IPR003856InterPro:IPR005701UniProtKB/TrEMBL:Q4K1K7][protein=capsular polysaccharide biosynthesis protein Wzd] [protein_id=CAI33407.1] [location=3740..4432][gbkey=CDS]
capsule_15a_fragmented,CR931663.1_5,1_4_0,KHAAIJFI_00005,VKLGEGKSTTSTNIAWAFARAGYKTLLIDGDIRNSVMLGVFKARDKITGLTEFLSGTTDLSQGLCDTNIENLFVIQAGSVSPNPTALLQSKNFSTMLETLRKYFDYIIVDTAPVGVVIDAAIITRKCDASILVTEAGEINRRDIQKAKEQLEHTGKPFLGVVLNKFDTSVDKYGSYGNYGDYGKNKK,GTGAAACTAGGAGAAGGAAAATCAACGACTTCCACCAATATCGCTTGGGCTTTTGCGCGTGCAGGTTACAAAACGCTGCTGATTGATGGAGATATTCGCAATTCTGTTATGTTAGGTGTCTTTAAAGCAAGGGATAAGATTACAGGCCTGACAGAATTTTTATCAGGAACTACAGACCTATCACAAGGGCTTTGTGATACCAATATCGAAAATCTCTTTGTAATTCAGGCTGGCTCTGTGTCACCGAATCCGACAGCTCTTCTTCAAAGTAAGAATTTCAGTACAATGCTTGAAACATTGCGTAAATATTTTGACTACATCATTGTAGATACTGCTCCTGTCGGTGTCGTGATTGATGCGGCTATTATTACGCGAAAATGCGATGCTTCTATTTTAGTGACGGAGGCAGGTGAAATAAATCGACGGGATATTCAAAAAGCAAAAGAACAGTTGGAACACACAGGGAAGCCGTTTTTGGGAGTTGTGTTGAATAAATTCGATACTTCAGTAGACAAATACGGTTCTTATGGAAATTATGGAGATTACGGGAAAAATAAAAAATAG,,[gene=wze] [locus_tag=SPC15F_0007] [db_xref=GOA:Q4K1K6InterPro:IPR002586InterPro:IPR005702UniProtKB/TrEMBL:Q4K1K6][protein=tyrosine-protein kinase Wze][protein_id=CAI33408.1] [location=4442..5131] [gbkey=CDS]
capsule_15a_fragmented,CR931663.1_6,1_5_0,KHAAIJFI_00006,MCVDAEAKKRELMEQNTMQGGMFKVDDDPRITKIGRFIRKTSLDELPQFYNVLKGDMSLVGTRPPTVDEYEHYTPEQKRRLSFKPGITGLWQVSGRSEIKNFDEVVKLDVAYIDDWTIWKDIEILLKTVKVVFMRDGAK,ATGTGTGTAGATGCCGAGGCGAAAAAAAGAGAACTCATGGAACAAAATACCATGCAGGGTGGAATGTTTAAGGTGGACGATGATCCTCGTATCACGAAAATTGGTCGTTTTATACGGAAGACTAGCTTGGACGAGCTACCACAGTTTTATAATGTTCTAAAGGGAGATATGAGTTTGGTTGGCACACGGCCACCAACAGTGGACGAGTATGAACACTATACCCCAGAACAAAAACGTCGGCTAAGTTTTAAACCTGGTATAACAGGCTTATGGCAGGTCAGTGGACGAAGTGAGATTAAGAATTTTGATGAAGTTGTCAAATTAGATGTAGCCTATATAGACGATTGGACAATTTGGAAAGACATTGAAATTTTATTGAAGACAGTTAAAGTTGTATTTATGAGAGACGGAGCGAAGTAG,,[gene=wchA] [locus_tag=SPC15F_0008] [db_xref=GOA:Q4K1K5InterPro:IPR003362InterPro:IPR017475UniProtKB/TrEMBL:Q4K1K5][protein=undecaprenylphosphate glucosephosphotransferase WchA (initial sugar transferase)] [protein_id=CAI33409.1][location=5146..6513] [gbkey=CDS]
capsule_15a_fragmented,CR931663.1_7,1_6_0,KHAAIJFI_00007,LIISSGAAIAVPFFYIGKLFGSKTVYIEVFDRIDASTLTGKLVYPVTDRFIVQWEEMKKVYPKAINLGGIF,TTGATTATTTCTTCTGGTGCCGCTATCGCTGTTCCTTTCTTTTATATTGGGAAGTTATTTGGATCAAAGACAGTGTATATAGAAGTTTTTGATAGAATTGATGCTTCAACACTGACAGGAAAACTTGTTTATCCAGTAACGGATAGGTTTATTGTTCAATGGGAAGAAATGAAAAAAGTATACCCAAAGGCAATTAATCTCGGAGGGATTTTCTAA,,[gene=wchJ] [locus_tag=SPC15C_0009] [db_xref=GOA:Q4K1M2InterPro:IPR013969UniProtKB/TrEMBL:Q4K1M2][protein=putative glycosyl transferase enhancer] [protein_id=CAI33387.1][location=6163..6612] [gbkey=CDS]
capsule_15a_fragmented,CR931663.1_8,1_7_0,KHAAIJFI_00008,VNDHQLEFVEKVLNVYNLTVITNISDLNSYISNFDERKKSDLKSKNNLFMEKFIDMINQLMETGDIKYD,GTGAACGACCATCAACTTGAATTTGTTGAGAAAGTGTTAAATGTCTATAATTTGACAGTCATCACTAACATAAGTGATCTTAATTCCTATATTTCTAATTTTGATGAGCGAAAAAAATCAGATTTGAAGAGCAAAAATAATCTATTTATGGAGAAATTTATAGATATGATTAATCAGTTGATGGAGACAGGTGACATCAAGTATGACTAA,,[gene=wchK] [locus_tag=SPC15F_0010] [db_xref=GOA:Q4K1K3InterPro:IPR007235UniProtKB/TrEMBL:Q4K1K3][protein=putative glycosyl transferase] [protein_id=CAI33411.1][location=6966..7472] [gbkey=CDS]
capsule_15a_fragmented,CR931663.1_10,1_8_0,KHAAIJFI_00009,MSLGEDMSFVYQYLMVSKSIGVIDGVYYNIQNVNPQSLSKRYVQNIENSLMIQNQLWNQLLEVYPKIEENYYKQHMDFRFYLANLYVNNLFKFDSPYSSKEKLDQIAQQLKKYRLFLDEKVSKEKMPKNINEMIVFYLLKLKIPVLIYSFYSFKEWWKRRKIKNEG,ATGTCACTAGGTGAAGATATGTCATTTGTGTATCAATACTTAATGGTTTCTAAAAGTATTGGAGTTATTGACGGGGTGTATTATAATATTCAAAATGTAAATCCACAGTCGTTATCTAAGCGCTATGTGCAGAATATTGAAAATTCCCTAATGATTCAGAACCAGTTATGGAATCAACTGTTGGAAGTTTATCCTAAAATTGAGGAGAACTACTATAAGCAACATATGGATTTTAGATTTTACCTTGCTAACTTGTATGTAAATAATTTATTTAAATTTGATTCTCCGTATTCATCAAAAGAAAAACTAGACCAAATTGCTCAACAATTAAAAAAGTATAGATTATTTTTAGATGAAAAAGTCAGCAAAGAAAAGATGCCTAAAAATATAAATGAGATGATTGTTTTTTATTTACTAAAATTGAAAATTCCAGTGTTGATTTATTCTTTTTATTCGTTTAAAGAGTGGTGGAAGAGAAGAAAAATTAAAAATGAAGGATAA,,[gene=wchL] [locus_tag=SPC15F_0012] [db_xref=GOA:Q4K1K1InterPro:IPR001173UniProtKB/TrEMBL:Q4K1K1][protein=putative glycosyl transferase] [protein_id=CAI33413.1][location=8666..9694] [gbkey=CDS]
capsule_15a_fragmented,CR931663.1_11,1_9_0,KHAAIJFI_00010,MKGQYVAFIDSDDYISKDYVWKLYSSIKNNDSEVSICSFLLVDEKGEKIKDELLDSGKICLTGQQILEKVLTADGYRYVVAWNKLYRSTLFEKLKFKKGMLYEDEFLNYLLFWDCKRVSIVEEPLYLYVQRKGSIVQSNMTLEKIKMKDEMHTSRIEFYSEKGHSFLHEKACQQYCNWIVTATTNHSKILNPNFSKYLQRQFRKFAKYTRNNDIRLIVQNILGFIDIRLAAYVKSKVM,ATGAAAGGTCAATATGTAGCGTTTATTGATAGCGATGACTACATATCTAAGGATTATGTCTGGAAGTTGTATTCTTCTATAAAAAATAATGATTCCGAGGTGTCGATTTGTTCTTTTTTATTAGTCGATGAAAAAGGGGAAAAAATAAAAGATGAGCTATTAGATTCGGGAAAAATATGCTTGACTGGTCAACAAATATTAGAAAAAGTATTAACAGCCGACGGCTATCGCTATGTTGTTGCTTGGAATAAGCTTTATCGGTCAACTTTATTTGAAAAATTAAAATTTAAAAAAGGAATGTTGTATGAGGATGAATTTCTTAACTATCTTCTATTTTGGGACTGTAAAAGGGTATCAATTGTAGAGGAGCCGTTATATTTATACGTTCAACGAAAAGGAAGCATTGTACAAAGTAATATGACTTTAGAAAAAATAAAGATGAAGGATGAGATGCATACTTCACGCATTGAGTTTTATTCAGAAAAGGGGCATTCTTTTTTGCACGAAAAAGCGTGTCAACAGTACTGCAATTGGATTGTTACAGCGACTACCAATCATAGTAAGATTTTAAATCCTAATTTTTCGAAGTATTTACAACGACAGTTTAGAAAGTTCGCTAAATATACACGAAACAATGATATTAGACTAATTGTGCAGAACATTCTAGGATTTATAGATATTCGTTTAGCAGCTTATGTAAAATCAAAAGTAATGTAG,,[gene=wchM] [locus_tag=SPC15A_0013] [db_xref=GOA:Q4K1Q5InterPro:IPR001173UniProtKB/TrEMBL:Q4K1Q5][protein=putative glycosyl transferase] [protein_id=CAI33345.1][location=9351..10307] [gbkey=CDS]
capsule_15a_fragmented,CR931663.1_13,1_10_0,KHAAIJFI_00011,MIISSVLMFGLISVSDIFSIIFWGEEFLESGRLISAMSPAFVFSVLGNIIRTQYLIPRAKDKDYVVSLIAGAVVNLVLNYFFIKPFGAMGATVSTVLAEFVLSGMQFWSVRRDLDLKRYLKNGLIFYLFGLIMYLVIITLKTQLPYNIMSLILLIVLGGIVYVIFCCCYILMSRNLHFKLLKEKIIRKVVHKNTL,ATGATTATTTCTAGTGTATTGATGTTTGGGCTAATATCGGTATCTGATATTTTTTCCATTATATTTTGGGGAGAAGAATTTCTTGAATCAGGTAGATTGATTTCTGCTATGTCTCCGGCTTTTGTCTTCTCTGTATTAGGAAATATCATTAGGACTCAGTATTTGATTCCTAGAGCTAAGGATAAAGATTATGTAGTGTCTCTAATTGCGGGGGCTGTTGTTAATCTAGTGCTAAACTATTTTTTTATAAAACCTTTTGGTGCTATGGGAGCAACAGTTAGTACAGTTTTGGCAGAATTTGTATTGTCTGGAATGCAGTTTTGGTCAGTAAGAAGAGACTTAGATTTAAAAAGATATTTGAAAAACGGTTTGATATTCTACCTATTTGGTCTGATTATGTACCTTGTTATTATAACACTCAAAACTCAGTTACCATACAATATAATGAGTCTTATTTTACTAATAGTTTTGGGTGGAATAGTATATGTTATTTTTTGTTGTTGCTATATTTTAATGTCAAGAAATTTACATTTTAAGTTATTGAAGGAAAAGATTATACGAAAGGTTGTACATAAAAATACATTATAA,,[gene=wzx] [locus_tag=SPC15F_0015] [db_xref=GOA:Q4K1J8InterPro:IPR002797UniProtKB/TrEMBL:Q4K1J8][protein=flippase Wzx] [protein_id=CAI33416.1] [location=11587..13050][gbkey=CDS]
capsule_15a_fragmented,CR931663.1_13,1_10_1,KHAAIJFI_00012,MVTKDKGLTYNSTLHAIKVLACFSVVAIHIWLPGKIGAFYQIIARFAVPMFFLISGFYSYNISKNRIKKIFRLILRSTFFM,ATGGTTACTAAAGATAAAGGATTAACATATAATAGTACTTTGCATGCAATAAAAGTATTAGCATGTTTTAGTGTTGTTGCTATTCATATATGGCTACCAGGAAAAATTGGAGCGTTTTATCAAATAATAGCACGATTTGCAGTTCCAATGTTCTTTTTGATTTCTGGCTTTTATTCATATAATATTTCAAAGAATAGAATTAAAAAAATATTTAGATTGATATTAAGAAGTACATTTTTTATGTAA,,[gene=wciZ] [locus_tag=SPC15B_0016] [db_xref=GOA:Q6X851InterPro:IPR002656UniProtKB/TrEMBL:Q6X851][protein=putative acetyl transferase] [protein_id=CAI33371.1][location=13021..13998] [gbkey=CDS]
capsule_15a_fragmented,CR931663.1_13,1_10_2,KHAAIJFI_00013,MLLLFSFIMEATISDSIFYRNFLFMGIPFFGIGILIAQNQKKIINCKIINKILILGTIIYPILIFLEYYILGNSFEVYISSVLATIILMIFAIKSPKAINIKILNGIGDKYATFVYIIHQFIIVIFKFLVSNVYILKFGTIFVFLICCFLGVLFQFIKNRLLKRFS,ATGCTTTTACTATTTTCTTTCATTATGGAAGCTACAATTAGCGATTCAATTTTTTATAGAAATTTTTTATTTATGGGAATACCATTTTTTGGAATAGGAATTCTTATTGCACAGAATCAAAAGAAGATTATTAATTGTAAAATAATAAACAAAATATTAATCTTGGGAACAATTATCTATCCAATACTAATATTTTTAGAATATTATATCTTGGGTAATTCTTTTGAGGTCTATATAAGTTCTGTGCTAGCAACCATAATATTGATGATTTTCGCGATTAAATCACCTAAAGCGATTAATATCAAAATACTGAATGGAATTGGAGATAAATATGCGACTTTTGTTTACATTATACACCAGTTTATCATTGTGATATTTAAATTTTTAGTATCTAATGTTTATATTCTCAAATTTGGGACGATATTTGTCTTTTTGATATGTTGTTTTCTAGGGGTTCTATTTCAATTTATCAAAAACAGACTATTAAAAAGGTTTAGTTAA,,[gene=wciZ] [locus_tag=SPC15B_0016] [db_xref=GOA:Q6X851InterPro:IPR002656UniProtKB/TrEMBL:Q6X851][protein=putative acetyl transferase] [protein_id=CAI33371.1][location=13021..13998] [gbkey=CDS]
capsule_15a_fragmented,CR931663.1_14,1_11_0,KHAAIJFI_00014,MQELILLADVLLTDYSSAIFDFMLLNKPYVRYVNDLEKYAELRGLSDTYYELPDPIIKTAEELYDLLPKKIENFDYDSIKKYRNEILCPIFNGTASENVGRRIIQEL,ATGCAGGAACTTATATTATTGGCAGATGTTTTACTGACAGATTATTCTTCCGCGATATTTGATTTTATGCTTTTAAACAAGCCTTATGTCAGATATGTGAATGATTTAGAAAAATATGCTGAGCTTAGGGGACTATCAGATACATATTACGAATTGCCGGACCCTATCATTAAAACTGCTGAAGAATTGTATGACTTACTGCCTAAAAAAATAGAAAATTTTGATTATGATTCTATAAAAAAATATAGAAATGAAATACTGTGTCCAATCTTTAATGGAACCGCTAGTGAAAATGTAGGAAGGAGAATAATTCAAGAGTTGTGA,,[gene=wchX] [locus_tag=SPC15A_0017] [db_xref=GOA:Q4K1Q2InterPro:IPR007554UniProtKB/TrEMBL:Q4K1Q2][protein=putative glycerol phosphotransferase] [protein_id=CAI33349.1][location=13893..15041] [gbkey=CDS]
capsule_15a_fragmented,CR931663.1_15,1_12_0,KHAAIJFI_00015,LYGSIVRSQIEEIGRVKEESCNYNTIAYAMNIAERAIATDIDCIVGMGGGRVLDVCKYASFISKRPYLSIPTTAANDGIASPVAVLKRQDDRPKSLGAAIPSMTLIDIDVIASGPIQNIKAGIGDTISNYTALKDWELAVERGKDEMHGFAYLMSQNSLDALMKTKYNSITPDFIEVLVNSLVLSGIAMDFAGSSRPVSGSEHLFSHALDYYGSTRNLHGIQVALGTVAVLKLIENSVDAVVDYLQRFEVHINPKLLGIDEELFIYCMQHATKMRSNRYTYLHEVDLSTDRLKQIYKELISEL,TTGTACGGTTCGATAGTACGTTCACAAATAGAGGAAATTGGTCGGGTAAAGGAAGAAAGTTGCAATTATAATACTATTGCTTATGCGATGAATATAGCAGAAAGGGCTATTGCCACAGATATTGACTGTATTGTGGGAATGGGAGGAGGTCGTGTTTTAGATGTCTGCAAGTATGCATCTTTTATTTCGAAACGTCCTTACCTATCGATTCCGACAACAGCAGCAAATGATGGCATTGCTTCCCCAGTTGCTGTTTTGAAAAGGCAGGATGATAGACCAAAAAGCTTAGGGGCGGCTATCCCCTCAATGACACTAATTGATATTGATGTTATTGCATCAGGACCTATACAAAACATAAAAGCTGGTATCGGTGATACAATATCCAATTACACTGCATTGAAAGATTGGGAGTTGGCAGTTGAGCGAGGGAAAGATGAGATGCATGGTTTTGCATATCTAATGTCGCAAAATTCTTTAGATGCTTTAATGAAAACGAAGTATAATTCTATTACCCCTGATTTTATTGAAGTTTTGGTAAACTCTTTAGTTTTATCAGGCATTGCAATGGATTTTGCGGGAAGTAGTAGACCTGTCAGTGGGTCAGAGCACTTATTTAGTCATGCATTAGATTACTATGGTTCTACAAGGAATCTTCATGGAATTCAGGTTGCATTAGGTACAGTCGCAGTTTTGAAATTAATTGAAAATTCTGTTGATGCTGTGGTGGATTACTTGCAAAGATTTGAGGTTCATATTAACCCGAAACTTTTGGGGATAGATGAAGAGTTGTTTATTTATTGTATGCAACATGCTACAAAAATGAGAAGTAATCGCTATACTTATCTGCATGAGGTTGATCTTAGTACAGATAGATTGAAACAAATATATAAGGAACTCATAAGCGAGTTGTAG,,[gene=gtp1] [locus_tag=SPC15A_0018] [db_xref=GOA:Q4K1Q1InterPro:IPR002658InterPro:IPR016205UniProtKB/TrEMBL:Q4K1Q1][protein=putative glycerol-2-phosphate dehydrogenase] [protein_id=CAI33350.1] [location=15077..16105][gbkey=CDS]
capsule_15a_fragmented,CR931663.1_16,1_13_0,KHAAIJFI_00016,MNPNDTGQRISGLVAMKGTSFVDRISQVLRILSLVNSVSKPTRTTSISALTCSVTSIPASDSSFIKDFVPWQ,ATGAATCCAAACGATACTGGGCAGCGAATATCAGGGTTAGTAGCTATGAAAGGTACGTCCTTTGTTGATAGAATCTCGCAGGTATTGCGAATTTTATCACTGGTTAATTCTGTATCAAAACCAACAAGAACAACATCTATATCAGCACTAACTTGCTCAGTTACATCAATTCCTGCGTCAGATAGTTCTTTTATCAAAGATTTTGTTCCTTGGCAATAA,,hypothetical protein
capsule_15a_fragmented,CR931663.1_17,1_14_0,KHAAIJFI_00017,MTGINAGVTSVCVLTGEATVNDIQQGSIKPTYTFKNVKEMWKGIV,ATGACTGGTATAAATGCAGGAGTAACTTCAGTTTGTGTGCTGACAGGAGAAGCAACGGTGAATGATATTCAACAAGGTAGTATAAAACCGACTTATACATTTAAAAACGTGAAAGAAATGTGGAAAGGAATTGTCTGA,,[gene=gtp3] [locus_tag=SPC15F_0020] [db_xref=GOA:Q4K1N0InterPro:IPR005834InterPro:IPR006357UniProtKB/TrEMBL:Q4K1N0][protein=putative phosphotransferase][protein_id=CAI33421.1] [location=17332..18165] [gbkey=CDS]
capsule_15a_fragmented,CR931663.1_17,1_14_1,KHAAIJFI_00018,MKAQTIVTSQGRIISLDITVNYSHDMKLFKMSRRNIGQAGKILADSGYQGLMKIYPQAQTPRKSSELKPLTAEDKACNHALSTERSKVENIFAKVKTFKMFSTTYRNHRKRFGLRMNLIAGIINHELGF,ATGAAGGCTCAGACGATTGTCACAAGTCAAGGGAGAATTATTTCTTTGGATATCACTGTGAACTATAGTCATGATATGAAGTTGTTCAAAATGAGTCGCAGAAATATCGGACAAGCTGGTAAAATCTTGGCTGACAGTGGTTATCAAGGGCTTATGAAGATATATCCTCAAGCACAAACTCCACGTAAATCCAGCGAACTCAAGCCGCTAACAGCTGAAGATAAAGCCTGTAACCATGCACTATCTACGGAGAGAAGCAAGGTTGAGAACATCTTTGCCAAAGTAAAAACGTTTAAAATGTTTTCAACAACTTATCGAAATCATCGTAAACGCTTCGGATTACGAATGAATTTGATTGCTGGTATTATCAATCATGAACTAGGATTCTAG,,IS5 family transposase ISSpn7
capsule_15b_fragmented,CR931664.1_1,2_0_0,IBOCOPLE_00001,MNIKKRVLSAGLTFASALLLAACDQSGSDTKTYSSTFSGNPTTFNYLLDY,ATGAACATAAAGAAGCGTGTCCTTAGTGCAGGTCTGACTTTTGCATCTGCTTTGCTTTTAGCTGCTTGCGACCAATCAGGTTCAGATACAAAAACTTACTCATCAACCTTTAGTGGAAATCCAACTACATTTAATTACCTATTAGACTATTAA,,hypothetical protein
capsule_15b_fragmented,CR931664.1_1,2_0_1,IBOCOPLE_00002,LVAGLTNGELIAPMTYEETMTSDFFEVWFQKFFLPTLTTPSVIIMDNVRFHRMGKLELLCEEFGNKLLPLPPYSPEYNPIEKTWTHIKKHLIKGITKLQYLLQGSFVLFLFRLTILSV,TTGGTTGCAGGTCTAACAAATGGTGAGTTAATCGCTCCAATGACTTACGAAGAGACGATGACGAGCGACTTTTTTGAAGTATGGTTTCAGAAGTTTTTCTTACCAACATTAACCACACCATCGGTTATTATTATGGATAATGTAAGATTCCATAGAATGGGGAAGCTAGAACTCTTGTGTGAAGAGTTTGGGAATAAACTTTTACCTCTTCCTCCCTACTCACCTGAGTACAATCCTATTGAGAAAACATGGACTCATATCAAAAAGCACCTCATAAAAGGTATTACCAAGTTGCAATACCTTTTACAAGGCTCTTTTGTCTTGTTCTTGTTTCGATTGACTATATTATCAGTTTAA,,hypothetical protein
capsule_15b_fragmented,CR931664.1_2,2_1_0,IBOCOPLE_00003,MTVNRDTKKILLTTTPRDAYVPIADGGNNQKDKLTHAGIYGVDSSIHTLENLYGVDINYYVRLNFTSFLKMIDLLGGVDVHNDQEFSALHGKFHFPVGNVHLDSEQALGFVRERYSLADGDRDRGRNQQKVIVAILQKLTSTEALKNYSTIINSLQDSIQTNMPLETMINLVNAQLESGGNYKVNSQDLKGTGRTDLPSYAMPDSNLYVLEIDDSSLAVVKAAIQDVMEGR,ATGACTGTCAATCGAGATACCAAGAAAATCCTCTTGACCACAACACCACGTGATGCCTATGTACCAATAGCAGATGGTGGAAATAATCAAAAAGATAAATTAACCCATGCGGGCATTTATGGAGTTGATTCGTCCATTCACACCTTAGAAAATCTCTATGGAGTGGATATCAATTACTATGTGCGATTGAACTTCACTTCTTTCTTGAAAATGATTGACTTATTGGGAGGGGTAGATGTTCATAATGATCAAGAGTTTTCAGCTCTACATGGGAAGTTCCATTTCCCAGTAGGGAATGTCCATCTAGACTCTGAGCAGGCTCTAGGTTTTGTACGTGAACGCTACTCACTAGCCGATGGAGACCGTGACCGTGGTCGCAACCAACAAAAGGTGATTGTGGCTATCCTTCAAAAATTAACGTCAACCGAAGCACTGAAAAATTATAGTACGATCATTAATAGCTTGCAAGATTCTATCCAAACAAATATGCCACTTGAGACTATGATAAATTTGGTCAATGCTCAGTTAGAAAGTGGAGGGAATTATAAAGTAAATTCTCAAGATTTAAAAGGGACAGGTCGGACGGATCTTCCTTCTTATGCAATGCCAGACAGTAACCTCTATGTGTTGGAAATAGATGATAGTAGTTTAGCTGTAGTTAAAGCAGCTATACAGGATGTGATGGAGGGTAGATGA,,[gene=wzg] [locus_tag=SPC15C_0004] [db_xref=GOA:Q4K1M7InterPro:IPR004190InterPro:IPR004474UniProtKB/TrEMBL:Q4K1M7][protein=integral membrane regulatory protein Wzg] [protein_id=CAI33382.1] [location=1204..2649][gbkey=CDS]
capsule_15b_fragmented,CR931664.1_3,2_2_0,IBOCOPLE_00004,LAESYRQGVRIIVSTSHRRKGMFETPEEKIAENFLQVREIAKEVASDLVIAYGAEIYYTPDVLDKLEKKRIPTLNDSRYALIEFSMNTPYRDIHSALSKILMLGITPVIAHIERYDALENNEKRVRELIDMGCYTQVNSSHVLKPKLFGERYKFMKKRAQYFLERDLVHVVASDMHNLDSRPPYMQQAYDIIAKKYGAKKAKEFFVDNPRKIIMDQLI,TTGGCAGAATCCTACAGGCAAGGGGTACGAATCATTGTCTCTACCTCTCACCGTCGCAAGGGCATGTTTGAAACTCCGGAAGAGAAGATAGCAGAAAACTTTCTTCAGGTTCGGGAAATAGCTAAGGAAGTGGCGAGTGACTTGGTCATTGCTTACGGAGCTGAAATTTACTACACACCAGATGTTCTGGATAAGCTGGAAAAAAAGCGGATTCCGACCCTCAATGATAGTCGTTATGCCTTGATAGAGTTTAGTATGAACACTCCTTATCGCGATATTCATAGCGCCTTGAGCAAGATCTTGATGTTGGGAATTACTCCAGTCATTGCCCACATTGAGCGCTATGATGCTCTTGAAAATAATGAAAAACGCGTTCGAGAACTGATCGATATGGGCTGTTACACGCAAGTAAATAGTTCACATGTCCTCAAACCCAAACTTTTTGGCGAACGTTATAAATTCATGAAAAAAAGAGCTCAGTATTTTTTGGAACGTGATTTAGTTCATGTAGTTGCAAGTGACATGCACAATTTAGACAGTAGACCTCCATATATGCAACAGGCATATGATATCATTGCTAAGAAATATGGAGCGAAAAAAGCGAAAGAATTTTTTGTAGATAATCCCAGAAAAATTATAATGGATCAATTAATTTAG,,[gene=wzh] [locus_tag=SPC15B_0005] [db_xref=GOA:Q4K1P5InterPro:IPR004013InterPro:IPR016667UniProtKB/TrEMBL:Q4K1P5][protein=protein-tyrosine phosphatase Wzh] [protein_id=CAI33360.1] [location=2651..3382] [gbkey=CDS]
capsule_15b_fragmented,CR931664.1_4,2_3_0,IBOCOPLE_00005,VAIITSSVAFAYSTFVIKPEFTSTTRIYVVNRNQEEKSGLTNQDLQAGTYLVKDYREIILSQDVLEEVISDLKLDLTPKGLANKIKVTVPVDTRIVSVSVNDRVPEEASRIANSLREVAAQKIISITRVSDVTTLEEARPAISPSSPNIKRNILIGFLAGGVGTGVIVLLLELLDTHVKRPEDIEDTLQMTLLGVVPNLSKLK,GTGGCAATTATAACTTCTTCAGTTGCTTTTGCCTACAGTACTTTTGTTATCAAACCTGAGTTTACTAGTACGACTCGGATTTATGTAGTTAACCGTAATCAGGAAGAGAAGTCTGGTTTAACCAATCAAGACTTGCAGGCAGGAACTTATCTGGTAAAAGACTACCGTGAGATTATCCTTTCGCAGGATGTTTTGGAGGAAGTTATTTCTGATTTGAAACTAGATTTGACGCCAAAAGGTTTGGCTAATAAAATTAAAGTAACAGTACCAGTTGATACCCGTATTGTCTCTGTTTCAGTTAATGATCGAGTTCCTGAAGAGGCAAGCCGTATCGCTAACTCTTTGAGAGAAGTAGCTGCTCAAAAAATTATCAGTATTACTCGTGTTTCTGATGTGACAACACTGGAGGAGGCAAGACCGGCGATATCACCGTCTTCGCCAAATATTAAACGCAATATACTAATTGGTTTTTTGGCAGGGGGGGTTGGAACTGGTGTTATAGTTCTTCTTCTTGAACTTTTGGACACTCATGTGAAACGTCCGGAAGATATCGAAGATACACTGCAGATGACACTTTTGGGAGTTGTACCAAACTTGAGTAAGTTGAAATAG,,[gene=wzd] [locus_tag=SPC15C_0006] [db_xref=GOA:Q4K1M5InterPro:IPR003856InterPro:IPR005701UniProtKB/TrEMBL:Q4K1M5][protein=capsular polysaccharide biosynthesis protein Wzd] [protein_id=CAI33384.1] [location=3391..4083][gbkey=CDS]
capsule_15b_fragmented,CR931664.1_6,2_4_0,IBOCOPLE_00006,MSLVGTRPPTVDEYDQYTPEQKRRLSFKPGITGLWQVSGRSKITDFDDVVKLDVAYIDNWTIWKDIEILLKTVKVVFIRDGAK,ATGAGTTTGGTGGGAACACGTCCACCTACAGTAGACGAGTATGATCAGTATACTCCAGAACAGAAACGTCGACTCAGCTTTAAACCTGGTATTACAGGTTTATGGCAGGTTAGCGGCCGTAGTAAAATAACCGATTTTGACGATGTTGTAAAATTAGATGTGGCTTATATTGATAATTGGACAATCTGGAAAGATATTGAAATTTTGCTTAAAACTGTTAAAGTTGTATTTATAAGAGATGGAGCGAAGTAA,,[gene=wchA] [locus_tag=SPC15C_0008] [db_xref=GOA:Q4K1M3InterPro:IPR003362InterPro:IPR017475UniProtKB/TrEMBL:Q4K1M3][protein=undecaprenylphosphate glucosephosphotransferase WchA (initial sugar transferase)] [protein_id=CAI33386.1][location=4792..6159] [gbkey=CDS]
capsule_15b_fragmented,CR931664.1_8,2_5_0,IBOCOPLE_00007,VTVGTHEQQFDRLIKEVDYLKKENLIQDEVFIQIGYSSYIPKYCEWEKIISYEKMNQLIKESDIIITHGGPATFMGVIAKGKVPIVVPRQKKFGEHVNDHQLQFVKLTKEIYNFIVIDDISDLYLSIRDFKDKYFGICLNNERFNLHFNAEINKLFEGNKVDEN,GTGACTGTAGGTACACACGAACAACAATTTGATCGATTGATTAAAGAAGTTGATTATCTAAAAAAAGAAAATCTTATTCAAGATGAAGTATTTATTCAAATAGGATATTCCAGTTATATTCCGAAATATTGTGAGTGGGAAAAGATAATTTCTTATGAAAAAATGAATCAATTGATTAAGGAATCAGATATTATCATTACTCATGGTGGACCAGCGACGTTTATGGGGGTTATTGCTAAAGGAAAAGTTCCGATAGTTGTTCCGAGGCAAAAAAAATTTGGAGAGCATGTGAATGACCATCAGCTTCAATTCGTAAAACTGACGAAAGAAATATACAATTTTATAGTCATAGATGATATTTCCGACTTATATTTAAGTATACGTGATTTTAAGGATAAATATTTTGGAATTTGTTTGAACAATGAAAGATTTAATCTACATTTTAATGCGGAAATTAATAAACTATTTGAAGGAAATAAAGTAGATGAAAATTAG,,[gene=wchK] [locus_tag=SPC15C_0010] [db_xref=GOA:Q4K1M1InterPro:IPR007235UniProtKB/TrEMBL:Q4K1M1][protein=putative glycosyl transferase] [protein_id=CAI33388.1][location=6612..7115] [gbkey=CDS]
capsule_15b_fragmented,CR931664.1_9,2_6_0,IBOCOPLE_00008,MQLILFSLIVLILLPVYIKDRQISKIDAPSFYIVLWVMMYSISIIWNFLISGLPIQVLFSDLSKAFNWILAVFFYNYYLKNPINVDKIKKYMFYNFAILVIIVALFYVQRGANVVLFGRSLLGWDGFVSATSYGVRYAGFLEYSTLNGQLILFLLPLIRLFKLSFFTQVTILAFLLQVLVLSKSRIAIIALIIYIVFVVMVQITSINKRMIVAFYPTIPLILLYNWEKIKHIFFQMFNSRTGSNVTRFIVYEESLKAINGLGILLGAGIRTQSTVGILLGSHSMYISFIYRTGILGSIIIVILFYYLFSKFLKSAPSGKLISIGYILALLVFWLFEELDPHYWCLILFFSTISIFINNRKEEIVG,ATGCAATTAATATTATTTTCTTTAATTGTCTTAATTCTATTACCGGTCTATATAAAAGATAGACAAATTTCCAAAATAGATGCACCGTCTTTTTATATAGTTCTATGGGTCATGATGTATTCTATATCAATAATTTGGAATTTTTTAATTAGTGGCTTACCTATTCAAGTGTTGTTTTCAGATTTGAGTAAGGCATTCAATTGGATATTAGCAGTATTTTTTTATAATTATTATTTGAAAAATCCCATTAACGTTGACAAGATAAAGAAATATATGTTTTATAATTTCGCTATATTAGTTATTATTGTTGCTTTATTCTATGTTCAAAGAGGCGCTAATGTAGTATTGTTTGGAAGAAGCTTATTAGGTTGGGACGGATTCGTATCAGCTACCAGTTACGGAGTAAGATATGCAGGATTTTTAGAATATTCAACATTAAATGGGCAGTTGATTCTTTTTTTGTTACCGTTAATTAGGTTATTTAAACTTAGTTTTTTTACACAAGTAACTATTCTTGCTTTTTTGCTACAGGTTTTAGTATTGAGTAAATCTAGAATAGCTATTATTGCTCTGATTATATACATAGTATTTGTAGTAATGGTTCAGATTACTTCAATTAATAAGCGGATGATTGTAGCGTTTTATCCAACTATACCTCTTATATTGCTTTATAATTGGGAAAAAATTAAACATATCTTTTTTCAAATGTTTAATTCAAGAACAGGTAGTAATGTGACACGTTTTATAGTGTACGAAGAATCTCTTAAAGCTATTAATGGGCTGGGAATTTTACTTGGAGCAGGAATCAGAACACAATCTACAGTAGGTATATTATTAGGATCACATTCAATGTATATTAGTTTTATTTATAGGACAGGGATTTTAGGAAGTATAATAATAGTAATACTGTTCTATTATTTGTTTTCTAAATTTTTAAAAAGTGCCCCATCTGGAAAGTTAATCAGTATAGGCTATATTTTAGCTTTATTGGTGTTTTGGCTTTTTGAAGAATTAGATCCACATTATTGGTGTTTAATTTTATTTTTTTCAACAATAAGTATTTTCATAAACAATAGAAAAGAGGAAATAGTTGGATGA,,[gene=wzy] [locus_tag=SPC15C_0011] [db_xref=UniProtKB/TrEMBL:Q4K1M0] [protein=oligosaccharide repeat unit polymerase Wzy] [protein_id=CAI33389.1] [location=7105..8277][gbkey=CDS]
capsule_15b_fragmented,CR931664.1_12,2_7_0,IBOCOPLE_00009,MIFPNTEKTKAGDIAEINLPDSRNSSPQNIMEKISDTDISPNINTLEIIITYKIVTSM,ATGATATTTCCTAATACAGAGAAGACAAAAGCCGGAGACATAGCAGAAATCAATCTACCTGATTCAAGAAATTCTTCTCCCCAAAATATAATGGAAAAAATATCAGATACCGATATTAGCCCAAACATCAATACACTAGAAATAATCATCACGTATAAAATTGTTACCTCTATGTAG,,hypothetical protein
capsule_15b_fragmented,CR931664.1_14,2_8_0,IBOCOPLE_00010,MQFIFQNFNLTNIIRFVIFNRISDLIGYLATPLWYLFAILYIYIYLYFSNKRLLLTKRWISILLLFSFIMEATISDSIFYRNFLFMGIPFFGIGILIAQKQKKIINCKIINKILILGTIIYPILIFLEYYILGNSFEIYISSVLATIILMIFAIKSPKAINIKILNEIGDKYATFVYIIHQFIIVIFKFLVSNVYILKFGTIFVFLICCFLGVLFQFIKNRLLKRFS,ATGCAGTTTATTTTTCAAAACTTTAATTTAACAAATATTATAAGATTTGTGATTTTTAATAGGATTTCAGATTTAATAGGCTATCTAGCAACACCGTTGTGGTATTTATTTGCTATATTATATATATATATATATCTTTATTTTTCCAATAAAAGACTACTATTGACAAAACGATGGATTTCTATACTTTTACTATTTTCTTTCATTATGGAAGCTACAATTAGCGATTCAATTTTTTATAGAAATTTTTTATTTATGGGAATACCATTTTTTGGAATAGGAATTCTTATTGCACAGAAGCAAAAGAAGATTATTAATTGTAAAATAATAAACAAAATATTAATCTTGGGAACAATTATCTATCCAATACTAATATTTTTAGAATATTATATCTTGGGTAATTCTTTTGAGATCTATATAAGTTCTGTGCTAGCAACCATAATATTGATGATTTTCGCGATTAAATCACCTAAAGCGATTAATATAAAAATACTGAATGAAATTGGAGATAAATATGCGACTTTTGTTTACATTATACACCAGTTTATCATTGTGATATTTAAATTTTTAGTATCTAATGTTTATATTCTCAAATTTGGGACGATATTTGTCTTTTTGATATGTTGTTTTCTAGGGGTTCTATTTCAATTTATCAAAAACAGACTATTAAAAAGGTTTAGTTAA,,[gene=wciZ] [locus_tag=SPC15B_0016] [db_xref=GOA:Q6X851InterPro:IPR002656UniProtKB/TrEMBL:Q6X851][protein=putative acetyl transferase] [protein_id=CAI33371.1][location=13021..13998] [gbkey=CDS]
capsule_15b_fragmented,CR931664.1_15,2_9_0,IBOCOPLE_00011,MLLNKPYVRYVNDLEKYAELRGVSDTYYELPDSIIKTAEELYDLLPKKIENFDYDSIKKYRNEILCPIFNGTASENVGRRIIQEL,ATGCTTTTAAACAAGCCTTATGTCAGATATGTGAATGATTTAGAAAAATATGCTGAGCTTAGGGGGGTATCAGATACATATTATGAATTGCCGGATTCTATTATTAAAACTGCTGAAGAATTGTATGACTTACTGCCTAAAAAAATAGAAAATTTTGATTATGATTCTATAAAAAAATATAGAAATGAAATACTGTGTCCAATCTTTAATGGAACCGCTAGTGAAAATGTAGGAAGGAGAATAATTCAAGAGTTGTGA,,[gene=wchX] [locus_tag=SPC15F_0017] [db_xref=GOA:Q4K1J6InterPro:IPR007554UniProtKB/TrEMBL:Q4K1J6][protein=putative glycerol phosphotransferase] [protein_id=CAI33418.1][location=14385..15533] [gbkey=CDS]
capsule_15b_fragmented,CR931664.1_16,2_10_0,IBOCOPLE_00012,MKTKYNSITPDFIEVLVNSLVLSGIAMDFAGSSRPVSGSEHLFSHALDYYGSTRNLHGIQVALGTVAVLKLIENSVDTVVDYLQRFEVHINPKLLGIDEELFIYCMQHATKMRSNRYTYLHEVDLSTDRLKQIYKELISEL,ATGAAAACGAAGTATAATTCTATTACCCCTGATTTTATTGAAGTTTTGGTAAACTCTTTAGTTTTATCAGGCATTGCAATGGATTTTGCGGGAAGTAGTAGACCTGTCAGTGGGTCAGAGCACTTATTTAGTCATGCATTAGATTACTATGGTTCTACAAGGAATCTTCATGGAATTCAGGTTGCATTAGGTACAGTCGCAGTTTTGAAATTAATTGAAAATTCTGTTGATACTGTAGTGGATTACTTGCAAAGATTTGAGGTTCATATTAACCCGAAACTTTTGGGGATAGATGAAGAGTTGTTTATTTATTGTATGCAACATGCTACAAAAATGAGAAGTAATCGCTATACCTATCTGCATGAAGTTGATCTTAGCACAGATAGATTGAAACAAATATATAAGGAACTCATAAGCGAGTTGTAG,,[gene=gtp1] [locus_tag=SPC15C_0018] [db_xref=GOA:Q6X849InterPro:IPR002658InterPro:IPR016205UniProtKB/TrEMBL:Q6X849][protein=putative glycerol-2-phosphate dehydrogenase] [protein_id=CAI33396.1] [location=15186..16214][gbkey=CDS]
capsule_15b_fragmented,CR931664.1_17,2_11_0,IBOCOPLE_00013,MKVVEKNGRLVEISKQISPEETLGVSIDVYKFSYEAGARFFEKCKEFIEDKRELQMWSEVALNAILSEVEFVACPLEGRWLEIDNHEDLVAAEKLFA,ATGAAAGTCGTAGAAAAAAATGGTCGTTTAGTAGAAATTTCTAAACAGATTTCACCTGAGGAAACTTTAGGAGTTTCTATTGATGTTTATAAATTCTCTTATGAAGCAGGTGCTCGATTCTTTGAAAAGTGTAAGGAATTTATTGAAGATAAACGAGAACTTCAAATGTGGAGTGAGGTTGCTCTTAATGCAATTCTTTCTGAAGTTGAATTTGTAGCATGTCCATTAGAGGGTCGTTGGTTAGAAATTGATAATCATGAAGACTTAGTTGCTGCAGAAAAACTATTTGCTTGA,,[gene=gtp2] [locus_tag=SPC15C_0019] [db_xref=GOA:Q6X848InterPro:IPR005835UniProtKB/TrEMBL:Q6X848][protein=putative nucleotidyl transferase] [protein_id=CAI33397.1][location=16230..16934] [gbkey=CDS]
capsule_15b_fragmented,CR931664.1_18,2_12_0,IBOCOPLE_00014,LIKELSDAGIDVTEQVSADIDVVLVGFDTELTSDKIRNTCEILSTKDVPFIATNPDIRCPVSFGFIPDCGSICDMISKSVDRKPVYIGKPEPTMVDIVRKKLNYSLFETVVIGDRLYTDIMTGINAGVTSVCVLTGEATVNDIQQGSIKPTYTFKNVKEMWKGIV,TTGATAAAAGAACTATCTGACGCAGGAATTGATGTAACTGAGCAAGTTAGTGCTGATATAGATGTTGTTCTTGTTGGTTTTGATACAGAATTAACCAGTGATAAAATTCGCAATACCTGCGAGATTCTATCAACAAAGGACGTACCTTTCATAGCTACTAACCCTGATATTCGCTGCCCAGTATCGTTTGGATTCATCCCAGATTGTGGTTCTATTTGTGATATGATTAGTAAATCAGTCGATAGGAAACCTGTTTACATAGGTAAACCTGAACCTACGATGGTTGATATTGTTCGAAAAAAATTAAATTATTCTCTATTTGAAACAGTTGTGATTGGAGATCGCTTGTATACGGATATCATGACTGGTATAAATGCAGGAGTAACTTCAGTTTGTGTGCTGACAGGAGAAGCAACGGTGAATGATATTCAACAAGGTAGTATAAAACCGACTTATACATTTAAAAACGTGAAAGAAATGTGGAAAGGAATTGTCTGA,,[gene=gtp3] [locus_tag=SPC15F_0020] [db_xref=GOA:Q4K1N0InterPro:IPR005834InterPro:IPR006357UniProtKB/TrEMBL:Q4K1N0][protein=putative phosphotransferase][protein_id=CAI33421.1] [location=17332..18165] [gbkey=CDS]
capsule_15b_fragmented,CR931664.1_18,2_12_1,IBOCOPLE_00015,MKAQAIVTSQGRIVSLDITVNYCHDMKLFKMSRRNIGQAGKILADSGYQGLMKIYPQAQTPRKSSKLKPLTVEDKAYNHALSKERSKVENIFAKVKTFKMFSTTYRNHRKRFGLRMNLIAAIINHELGF,ATGAAGGCTCAGGCGATTGTCACAAGTCAAGGGAGAATTGTTTCTTTGGATATCACTGTGAACTATTGTCATGATATGAAGTTGTTCAAAATGAGTCGCAGAAATATCGGACAAGCTGGTAAAATCTTGGCTGACAGTGGTTATCAAGGGCTCATGAAGATATATCCTCAAGCACAAACTCCACGTAAATCCAGCAAACTCAAGCCGCTAACAGTTGAAGATAAAGCCTATAACCATGCGCTATCCAAGGAGAGAAGCAAGGTCGAGAACATCTTTGCCAAAGTAAAAACGTTTAAAATGTTTTCAACAACCTATCGAAATCATCGTAAACGCTTCGGATTACGAATGAATTTGATTGCTGCTATTATCAATCATGAACTAGGATTCTAG,,IS5 family transposase ISSpn7
capsule_15c_fragmented,CR931665.1_1,3_0_0,FIBLKPLC_00001,LVAGLTNGELIAPMTYEETMTSDFFEVWFQKFFLPTLTTPSVIIMDNVRFHRMGKLELLCEEFGNKLLPLPPYSPEYNPIEKTWTHIKKHLIKGITKLQYLLQGSFVLFLFRLTILSV,TTGGTTGCAGGTCTAACAAATGGTGAGTTAATCGCTCCAATGACTTACGAAGAGACGATGACGAGCGACTTTTTTGAAGTATGGTTTCAGAAGTTTTTCTTACCAACATTAACCACACCATCGGTTATTATTATGGATAATGTAAGATTCCATAGAATGGGGAAGCTAGAACTCTTGTGTGAAGAGTTTGGGAATAAACTTTTACCTCTTCCTCCCTACTCACCTGAGTACAATCCTATTGAGAAAACATGGACTCATATCAAAAAGCACCTCATAAAAGGTATTACCAAGTTGCAATACCTTTTACAAGGCTCTTTTGTCTTGTTCTTGTTTCGATTGACTATATTATCAGTTTAA,,hypothetical protein
capsule_15c_fragmented,CR931665.1_2,3_1_0,FIBLKPLC_00002,VVTALVLLVALVGLLLIIYKKAEKFTIFLLVFSILVSSVSLFAVQQFVGLTNRLNATSNYSEYSISVAVLADSDIENVTQLTSVTAPTGTDNENIQKLLADIKSSQNTDLTVDQSSSYLAAYKSLIAGETKAIVLNSVFENIIESEYPDYASKIKKIYTKGFTKKVEAPKTSKNQSFNIYVSGIDTYGPISSVSRSDVNILMTVNRDTKKILLTTTPRDAYVPIADGGNNQKDKLTHAGIYGVDSSIHTLENLYGVDINYYVRLNFTSFLKMIDLLGGVDVHNDQEFSALHGKFHFPVGNVHLDSEQALGFVRERYSLADGDRDRGRNQQKVIVAILQKLTSTEALKNYSTIINSLQDSIQTNMPLETMINLVNAQLESGGNYKVNSQDLKGTGRTDLPSYAMPDSNLYVLEIDDSSLAVVKAAIQDVMEGR,GTGGTAACTGCGTTAGTCCTACTAGTTGCCTTGGTAGGGCTACTCCTGATTATCTATAAAAAAGCTGAAAAATTTACTATTTTTCTGTTGGTGTTCTCTATCCTTGTCAGCTCTGTGTCGCTCTTTGCAGTACAGCAGTTTGTTGGACTGACCAATCGTTTAAATGCGACTTCTAATTACTCAGAATATTCAATCAGTGTCGCTGTTTTAGCAGATAGTGATATCGAAAATGTTACGCAACTGACGAGTGTGACAGCACCGACTGGGACTGATAATGAAAATATTCAAAAACTACTAGCTGATATTAAGTCAAGTCAGAATACCGATTTGACGGTCGACCAGAGTTCGTCTTACTTGGCAGCTTACAAGAGTTTGATTGCAGGGGAGACTAAGGCCATTGTCTTAAATAGTGTCTTTGAAAATATCATTGAGTCAGAGTATCCAGACTACGCATCGAAGATAAAAAAGATTTATACCAAGGGATTCACTAAAAAAGTAGAAGCTCCTAAGACGTCTAAGAATCAGTCTTTCAATATCTATGTTAGTGGAATTGACACCTATGGTCCTATTAGTTCGGTGTCGCGATCAGATGTCAATATCCTGATGACTGTCAATCGAGATACCAAGAAAATCCTCTTGACCACAACACCACGTGATGCCTATGTACCAATAGCAGATGGTGGAAATAATCAAAAAGATAAATTAACCCATGCGGGCATTTATGGAGTTGATTCGTCCATTCACACCTTAGAAAATCTCTATGGAGTGGATATCAATTACTATGTGCGATTGAACTTCACTTCTTTCTTGAAAATGATTGACTTATTGGGAGGGGTAGATGTTCATAATGATCAAGAGTTTTCAGCTCTACATGGGAAGTTCCATTTCCCAGTAGGGAATGTCCATCTAGACTCTGAGCAGGCTCTAGGTTTTGTACGTGAACGCTACTCACTAGCCGATGGAGACCGTGACCGTGGTCGCAACCAACAAAAGGTGATTGTGGCTATCCTTCAAAAATTAACGTCAACCGAAGCACTGAAAAATTATAGTACGATCATTAATAGCTTGCAAGATTCTATCCAAACAAATATGCCACTTGAGACTATGATAAATTTGGTCAATGCTCAGTTAGAAAGTGGAGGGAATTATAAAGTAAATTCTCAAGATTTAAAAGGGACAGGTCGGACGGATCTTCCTTCTTATGCAATGCCAGACAGTAACCTCTATGTGTTGGAAATAGATGATAGTAGTTTAGCTGTAGTTAAAGCAGCTATACAGGATGTGATGGAGGGTAGATGA,,[gene=wzg] [locus_tag=SPC15C_0004] [db_xref=GOA:Q4K1M7InterPro:IPR004190InterPro:IPR004474UniProtKB/TrEMBL:Q4K1M7][protein=integral membrane regulatory protein Wzg] [protein_id=CAI33382.1] [location=1204..2649][gbkey=CDS]
capsule_15c_fragmented,CR931665.1_3,3_2_0,FIBLKPLC_00003,MKKRAQYFLERDLVHVVASDMHNLDSRPPYMQQAYDIIAKKYGAKKAKEFFVDNPRKIIMDQLI,ATGAAAAAAAGAGCTCAGTATTTTTTGGAACGTGATTTAGTTCATGTAGTTGCAAGTGACATGCACAATTTAGACAGTAGACCTCCATATATGCAACAGGCATATGATATCATTGCTAAGAAATATGGAGCGAAAAAAGCGAAAGAATTTTTTGTAGATAATCCCAGAAAAATTATAATGGATCAATTAATTTAG,,[gene=wzh] [locus_tag=SPC15B_0005] [db_xref=GOA:Q4K1P5InterPro:IPR004013InterPro:IPR016667UniProtKB/TrEMBL:Q4K1P5][protein=protein-tyrosine phosphatase Wzh] [protein_id=CAI33360.1] [location=2651..3382] [gbkey=CDS]
capsule_15c_fragmented,CR931665.1_4,3_3_0,FIBLKPLC_00004,LANKIKVTVPVDTRIVSVSVNDRVPEEASRIANSLREVAAQKIISITRVSDVTTLEEARPAISPSSPNIKRNILIGFLAGGVGTGVIVLLLELLDTHVKRPEDIEDTLQMTLLGVVPNLSKLK,TTGGCTAATAAAATTAAAGTAACAGTACCAGTTGATACCCGTATTGTCTCTGTTTCAGTTAATGATCGAGTTCCTGAAGAGGCAAGCCGTATCGCTAACTCTTTGAGAGAAGTAGCTGCTCAAAAAATTATCAGTATTACTCGTGTTTCTGATGTGACAACACTGGAGGAGGCAAGACCGGCGATATCACCGTCTTCGCCAAATATTAAACGCAATATACTAATTGGTTTTTTGGCAGGGGGGGTTGGAACTGGTGTTATAGTTCTTCTTCTTGAACTTTTGGACACTCATGTGAAACGTCCGGAAGATATCGAAGATACACTGCAGATGACACTTTTGGGAGTTGTACCAAACTTGAGTAAGTTGAAATAG,,[gene=wzd] [locus_tag=SPC15C_0006] [db_xref=GOA:Q4K1M5InterPro:IPR003856InterPro:IPR005701UniProtKB/TrEMBL:Q4K1M5][protein=capsular polysaccharide biosynthesis protein Wzd] [protein_id=CAI33384.1] [location=3391..4083][gbkey=CDS]
capsule_15c_fragmented,CR931665.1_5,3_4_0,FIBLKPLC_00005,LCTNIQLSGDKLKVISVTSVNPGEGKTTTSVNIARSFARAGYKTLLIDGDTRNSVMSGFFKSREKITGLTEFLSGTADLSHGLCDTNIENLFVVQSGSVSPNPTALLQSKNFNDMIETLRKYFDYIIVDTAPIGIVIDAAIITQKCDASILVTATGEVNKRDVQKAKQQLEQTGKLFLGVILNKFDVQHKKYGSYGDYGNYGKK,TTGTGTACAAATATACAGTTGAGCGGAGATAAACTAAAAGTAATTTCCGTTACTTCTGTTAACCCTGGGGAAGGAAAAACAACTACTTCCGTAAATATAGCAAGGTCGTTTGCGCGTGCAGGCTATAAAACTCTTTTGATCGATGGCGATACTCGAAATTCAGTTATGTCAGGATTTTTTAAATCTCGTGAAAAAATTACAGGGCTAACAGAATTTTTATCTGGGACAGCTGATTTATCTCACGGTTTATGTGATACAAATATTGAAAATTTATTTGTAGTTCAATCGGGGTCTGTATCACCAAACCCTACAGCCTTGTTACAAAGTAAAAATTTTAATGATATGATTGAAACATTGCGTAAATATTTTGATTATATCATTGTTGATACAGCACCTATTGGAATTGTTATTGATGCGGCAATTATCACTCAAAAGTGTGATGCGTCCATCTTGGTAACAGCAACAGGTGAGGTGAATAAACGTGATGTCCAAAAAGCGAAACAACAATTAGAACAAACAGGGAAACTGTTTTTAGGTGTCATTCTCAATAAATTTGATGTTCAACATAAAAAATATGGTTCTTACGGTGACTATGGTAATTATGGTAAAAAATAA,,[gene=wze] [locus_tag=SPC15C_0007] [db_xref=GOA:Q4K1M4InterPro:IPR002586InterPro:IPR005702UniProtKB/TrEMBL:Q4K1M4][protein=tyrosine-protein kinase Wze][protein_id=CAI33385.1] [location=4093..4776] [gbkey=CDS]
capsule_15c_fragmented,CR931665.1_6,3_5_0,FIBLKPLC_00006,LIRKDGGPAIFAQTRIGKNGRHFTFYKFRSMRIDAEAIKEQLMDQNTMQGGMFKMDNDPRVTKIGRFIRKTSLDELPQFWNVFIGDMSLVGTRPPTVDEYDQYTPEQKRRLSFKPGITGLWQVSGRSKITDFDDVVKLDVAYIDNWTIWKDIEILLKTVKVVFIRDGAK,TTGATTCGTAAAGATGGCGGACCAGCTATTTTTGCTCAAACTCGTATAGGGAAAAATGGTCGACATTTTACCTTTTATAAATTCCGTTCGATGAGGATCGATGCTGAAGCTATCAAAGAACAGTTGATGGATCAAAATACGATGCAAGGTGGTATGTTTAAGATGGACAATGATCCTCGTGTTACAAAAATTGGTCGCTTTATTCGTAAAACCAGTTTGGATGAATTGCCGCAGTTTTGGAATGTCTTTATAGGAGATATGAGTTTGGTGGGAACACGTCCACCTACAGTAGACGAGTATGATCAGTATACTCCAGAACAGAAACGTCGACTCAGCTTTAAACCTGGTATTACAGGTTTATGGCAGGTTAGCGGCCGTAGTAAAATAACCGATTTTGACGATGTTGTAAAATTAGATGTGGCTTATATTGATAATTGGACAATCTGGAAAGATATTGAAATTTTGCTTAAAACTGTTAAAGTTGTATTTATAAGAGATGGAGCGAAGTAA,,[gene=wchA] [locus_tag=SPC15C_0008] [db_xref=GOA:Q4K1M3InterPro:IPR003362InterPro:IPR017475UniProtKB/TrEMBL:Q4K1M3][protein=undecaprenylphosphate glucosephosphotransferase WchA (initial sugar transferase)] [protein_id=CAI33386.1][location=4792..6159] [gbkey=CDS]
capsule_15c_fragmented,CR931665.1_7,3_6_0,FIBLKPLC_00007,LYLLKPFWNDKERFWVTFDKADARSVLSEEVVYPCYYPTNRNIKNLIKNTFLAYKILKKERPDLIISSGAAIAVPFFYIGKLFGSKTVYIEVFDRIDASTLTGKLVYPVTDRFIVQWEEMKKVYPKAINLGGIF,TTGTATTTATTAAAACCTTTCTGGAATGATAAAGAAAGATTTTGGGTTACTTTTGATAAGGCGGACGCTCGGAGTGTACTCTCTGAGGAAGTTGTATATCCCTGTTATTATCCAACCAATCGTAATATAAAAAATTTAATAAAAAATACTTTTCTCGCCTATAAAATTTTAAAAAAAGAGAGACCAGATTTGATTATTTCTTCTGGTGCCGCTATCGCTGTTCCTTTCTTTTATATTGGGAAGTTATTTGGATCAAAGACAGTGTATATAGAAGTGTTTGATAGAATTGATGCTTCAACACTGACAGGAAAACTTGTTTATCCAGTAACGGATAGGTTTATTGTACAATGGGAAGAAATGAAAAAAGTATACCCAAAAGCAATTAACCTAGGAGGGATATTCTAA,,[gene=wchJ] [locus_tag=SPC15C_0009] [db_xref=GOA:Q4K1M2InterPro:IPR013969UniProtKB/TrEMBL:Q4K1M2][protein=putative glycosyl transferase enhancer] [protein_id=CAI33387.1][location=6163..6612] [gbkey=CDS]
capsule_15c_fragmented,CR931665.1_8,3_7_0,FIBLKPLC_00008,MGVIAKGKVPIVVPRQKKFGEHVNDHQLQFVKLTKEIYNFIVIDDISDLYLSIRDFKDKYFGICLNNERFNLHFNAEINKLFEGNKVDEN,ATGGGGGTTATTGCTAAAGGAAAAGTTCCGATAGTTGTTCCGAGGCAAAAAAAATTTGGAGAGCATGTGAATGACCATCAGCTTCAATTCGTAAAACTGACGAAAGAAATATACAATTTTATAGTCATAGATGATATTTCCGACTTATATTTAAGTATACGTGATTTTAAGGATAAATATTTTGGAATTTGTTTGAACAATGAAAGATTTAATCTACATTTTAATGCGGAAATTAATAAACTATTTGAAGGAAATAAAGTAGATGAAAATTAG,,[gene=wchK] [locus_tag=SPC15C_0010] [db_xref=GOA:Q4K1M1InterPro:IPR007235UniProtKB/TrEMBL:Q4K1M1][protein=putative glycosyl transferase] [protein_id=CAI33388.1][location=6612..7115] [gbkey=CDS]
capsule_15c_fragmented,CR931665.1_8,3_7_1,FIBLKPLC_00009,MYIIRAIIAILDLLNTKTCSKKARIVTCVKKLSLNNLINGNKKRINCPFNVEYSKNPAYLTP,ATGTATATAATCAGAGCAATAATAGCTATTCTAGATTTACTCAATACTAAAACCTGTAGCAAAAAAGCAAGAATAGTTACTTGTGTAAAAAAACTAAGTTTAAATAACCTAATTAACGGTAACAAAAAAAGAATCAACTGCCCATTTAATGTTGAATATTCTAAAAATCCTGCATATCTTACTCCGTAA,,hypothetical protein
capsule_15c_fragmented,CR931665.1_11,3_8_0,FIBLKPLC_00010,MKGQYVAFIDSDDYISKDYVWKLYSSIKNNDSEVSICSFLLVDEKGEKIKDELLDSGKICLTGQQILEKVLTADGYRYVVAWNKLYRSTLFEKLKFKKGMLYEDEFLNYPLFWDCKRVSIVEEPLYLYVQRKGSIVQSNMTLEKIKMKDEMHTSRIEFYSEKGHSFLHEKACQQYCNWIVTATTNHSKILNPNFSKYLQRQFRKFAKYTRNNDIRLIVQNILGFIDIRLAAYVKSKVM,ATGAAAGGTCAATATGTAGCGTTTATTGATAGCGATGACTACATATCTAAGGATTATGTCTGGAAGTTGTATTCTTCTATAAAAAATAATGATTCCGAGGTGTCGATTTGTTCTTTTTTATTAGTCGATGAAAAAGGGGAAAAAATAAAAGATGAGCTATTAGATTCGGGAAAAATATGCTTGACTGGTCAACAAATATTAGAAAAAGTATTAACAGCCGACGGCTATCGCTATGTTGTTGCTTGGAATAAGCTTTATCGGTCAACTTTATTTGAAAAATTAAAATTTAAAAAAGGAATGTTGTATGAGGATGAATTTCTTAACTATCCTCTATTTTGGGACTGTAAAAGGGTATCAATTGTAGAGGAGCCGTTATATTTATACGTTCAACGAAAAGGAAGCATTGTACAAAGTAATATGACTTTAGAAAAAATAAAGATGAAGGATGAGATGCATACTTCACGCATTGAGTTTTATTCAGAAAAGGGGCATTCTTTTTTGCACGAAAAAGCGTGTCAACAGTACTGCAATTGGATTGTTACAGCGACTACCAATCATAGTAAGATTTTAAATCCTAATTTTTCAAAGTATTTACAACGACAGTTTAGAAAGTTCGCTAAATATACACGAAACAATGATATTAGACTAATTGTGCAGAACATTCTAGGATTTATAGATATTCGTTTAGCAGCTTATGTAAAATCAAAAGTAATGTAG,,[gene=wchM] [locus_tag=SPC15F_0013] [db_xref=GOA:Q4K1L8InterPro:IPR001173UniProtKB/TrEMBL:Q4K1L8][protein=putative glycosyl transferase] [protein_id=CAI33414.1][location=9702..10658] [gbkey=CDS]
capsule_15c_fragmented,CR931665.1_12,3_9_0,FIBLKPLC_00011,LKDKIHRIIPLYIIKNQNIAFQQDTDIAYRKLKKKFRHISLTGDELKYKMEFSNKVWICWFQGEEHAPELIKTCIQSMRNQLQGREIIVLTEKNISDYTEIPDYIIEKYKKGWISRAHYSDILRIDLLCRHGGLWVDATVLNTGGDFSNLEVPLFVYKSLNLSRKDSQAIVASSWLISSYSNHPILLYTRKLLWAYWRRKNSLCNYFLFHICFTIATERYPIEWSAVPTFNNHSPHILHFELNEQFSEKRWEQLKHISAFHKLNHHIDYSSGVNTFYKFIVSSKV,TTGAAGGATAAAATTCATAGAATTATTCCATTATATATTATAAAAAATCAAAATATAGCTTTTCAACAAGATACCGATATAGCATATAGAAAACTAAAGAAGAAGTTTAGACATATTTCGTTGACTGGAGATGAGCTTAAATATAAAATGGAGTTTTCAAATAAAGTTTGGATTTGTTGGTTTCAGGGAGAAGAGCATGCCCCAGAGTTAATTAAAACATGTATTCAATCAATGAGGAATCAACTTCAAGGAAGAGAAATCATTGTGTTGACAGAAAAAAATATAAGTGATTATACAGAGATTCCAGACTATATTATTGAAAAATACAAAAAAGGATGGATTTCTCGTGCGCATTACTCTGATATCCTTAGGATAGATCTTCTATGTCGCCATGGAGGATTATGGGTAGATGCAACAGTGTTGAATACAGGAGGAGATTTCTCAAATCTTGAGGTACCACTTTTTGTATATAAATCTTTGAATTTATCAAGAAAAGATTCACAAGCTATTGTAGCATCAAGTTGGTTAATTTCGTCATATAGTAATCATCCTATATTACTCTATACGAGAAAACTCCTATGGGCCTACTGGCGAAGAAAAAATAGTTTATGTAATTATTTTTTGTTCCATATATGTTTTACAATAGCTACAGAGCGGTACCCAATCGAATGGTCTGCTGTCCCTACTTTTAATAATCATTCTCCTCATATACTTCATTTTGAGTTGAATGAACAATTTTCGGAAAAACGGTGGGAACAACTGAAGCATATTTCGGCGTTTCATAAATTAAATCATCATATAGATTATTCTAGCGGTGTTAACACTTTTTATAAGTTCATAGTATCTTCGAAAGTTTAG,,[gene=wchN] [locus_tag=SPC15C_0014] [db_xref=GOA:Q6X853InterPro:IPR008441UniProtKB/TrEMBL:Q6X853][protein=putative glycosyl transferase] [protein_id=CAI33392.1][location=10279..11187] [gbkey=CDS]
capsule_15c_fragmented,CR931665.1_13,3_10_0,FIBLKPLC_00012,MGYQLIGIAAPLITSPYLSRILGAENLGIHSFTMSVALYFMMFMLLGIANYGNRTIATVKREGKDILSKTFWSIYSIQLIMSILVTIAYLAYLYLGAVHYKVIAILQLFLLLSNAVDITWFFYGLENFKQIVFRNTLVKLLGLFLIFLCVRQGTDLWKYTFINGSVTLVGQLLLWGQLKGILTWKKIQLKELLPHIKPILILFIPVLAISIFTNMDKYMLGLMVDVKQVGFYDNAGRIIEIPKALIAALGAVMLPRTSYLLAEGQKEKSKYYIEVTILYVMIISSVLMFGLISVSDIFSIIFWGEEFLESGRLISAMSPAFVFSVLGNIIRTQYLIPRAKDKDYVVSLIAGAVVNLVLNYFFIKPFGAMGATISTVLAEFVLSGMQFWSVRRDLDLKRYLKNGLIFYLFGLIMHLIIIALKTQLPYNIMSLILLIVLGGIVYVIFCCCYILMSRNLHFKLLKEKIIRKVVHKNTL,ATGGGGTATCAGTTAATTGGTATTGCAGCTCCCTTGATAACTTCTCCTTATTTATCACGGATATTAGGTGCTGAAAATTTAGGTATTCATTCTTTTACTATGTCGGTTGCACTTTACTTTATGATGTTTATGCTTCTTGGAATTGCAAATTACGGAAATAGAACAATTGCGACTGTTAAACGAGAAGGAAAGGATATTCTATCAAAAACGTTTTGGAGTATCTACTCTATCCAGTTGATAATGTCTATTCTGGTAACTATAGCTTATCTTGCTTATCTATATTTGGGGGCAGTACATTACAAAGTTATTGCAATATTACAACTCTTTTTATTGTTATCAAATGCTGTTGATATTACTTGGTTTTTCTATGGATTAGAAAATTTTAAGCAAATCGTTTTTAGGAATACATTAGTCAAACTTTTAGGATTATTTTTAATTTTTTTATGTGTGCGTCAAGGCACAGATTTATGGAAATACACATTTATAAACGGATCAGTAACTTTAGTTGGCCAACTTTTACTATGGGGACAATTAAAAGGAATATTAACTTGGAAAAAAATTCAATTAAAGGAATTACTACCTCATATCAAGCCAATTTTAATTCTTTTTATTCCTGTACTAGCCATTAGTATTTTTACTAATATGGATAAATATATGCTTGGTTTAATGGTTGATGTAAAGCAGGTTGGATTTTATGACAATGCAGGTAGAATTATTGAAATTCCTAAAGCTTTGATTGCAGCTTTAGGGGCCGTTATGTTACCAAGAACTTCCTATTTATTAGCGGAAGGACAGAAAGAAAAGAGTAAATACTACATAGAGGTAACAATTTTATACGTGATGATTATTTCTAGTGTATTGATGTTTGGGCTAATATCGGTATCTGATATTTTTTCCATTATATTTTGGGGAGAAGAATTTCTTGAATCAGGTAGATTGATTTCTGCTATGTCTCCGGCTTTTGTCTTCTCTGTATTAGGAAATATCATTAGGACTCAGTATTTGATTCCTAGAGCTAAGGATAAAGATTATGTAGTGTCTCTAATTGCGGGGGCTGTTGTTAATCTAGTGCTAAACTATTTTTTTATAAAACCTTTTGGTGCTATGGGAGCAACAATTAGTACAGTTTTGGCAGAATTTGTATTGTCTGGAATGCAGTTTTGGTCAGTAAGAAGAGACTTAGATTTAAAAAGATATTTGAAAAACGGTTTGATATTCTACCTATTTGGTCTGATTATGCACCTCATTATTATAGCACTCAAAACTCAGTTACCATACAATATAATGAGTCTTATTTTACTAATAGTTTTGGGTGGAATAGTATATGTTATTTTTTGTTGTTGCTATATTTTAATGTCAAGAAATTTACATTTTAAGTTATTGAAGGAAAAGATTATACGAAAGGTTGTACATAAAAATACATTATAA,,[gene=wzx] [locus_tag=SPC15C_0015] [db_xref=GOA:Q6X852InterPro:IPR002797UniProtKB/TrEMBL:Q6X852][protein=flippase Wzx] [protein_id=CAI33393.1] [location=11192..12655][gbkey=CDS]
capsule_15c_fragmented,CR931665.1_13,3_10_1,FIBLKPLC_00013,MVTKDKGLTYNSTLHAIKVLACFSVVAIHIWLPGKIGAFYQIIARFAVPMFFLISGFYSYNISKNKIQNRIKKIFRLILRSTFFYVIIFVWMFWREGNMQFIFQNFNLTNIIRFVIFNRISDLIGYLATPLWYLFAILYIYIYIFIFPIKDYY,ATGGTTACTAAAGATAAAGGATTAACATATAATAGTACTTTGCATGCAATAAAAGTATTAGCATGTTTTAGTGTTGTTGCTATTCATATATGGCTACCAGGAAAAATTGGAGCGTTTTATCAAATAATAGCACGATTTGCAGTTCCAATGTTCTTTTTGATTTCTGGCTTTTATTCATATAATATTTCAAAGAATAAAATACAGAATAGAATTAAAAAAATATTTAGATTGATATTAAGAAGTACATTTTTTTATGTAATAATATTTGTATGGATGTTTTGGAGAGAAGGTAATATGCAGTTTATTTTTCAAAACTTTAATTTAACAAATATTATAAGATTTGTGATTTTTAATAGGATTTCAGATTTAATAGGCTATCTAGCAACACCGTTGTGGTATTTATTTGCTATATTATATATATATATATATATCTTTATTTTTCCAATAAAAGACTACTATTGA,,[gene=wciZ] [locus_tag=SPC15B_0016] [db_xref=GOA:Q6X851InterPro:IPR002656UniProtKB/TrEMBL:Q6X851][protein=putative acetyl transferase] [protein_id=CAI33371.1][location=13021..13998] [gbkey=CDS]
capsule_15c_fragmented,CR931665.1_13,3_10_2,FIBLKPLC_00014,MEATISDSIFYRNFLFMGIPFFGIGILIAQKQKKIINCKIINKILILGTIIYPILIFLEYYILGNSFEIYISSVLATIILMIFAIKSPKAINIKILNEIGDKYATFVYIIHQFIIVIFKFLVSNVYILKFGTIFVFLICCFLGVLFQFIKNRLLKRFS,ATGGAAGCTACAATTAGCGATTCAATTTTTTATAGAAATTTTTTATTTATGGGAATACCATTTTTTGGAATAGGAATTCTTATTGCACAGAAGCAAAAGAAGATTATTAATTGTAAAATAATAAACAAAATATTAATCTTGGGAACAATTATCTATCCAATACTAATATTTTTAGAATATTATATCTTGGGTAATTCTTTTGAGATCTATATAAGTTCTGTGCTAGCAACCATAATATTGATGATTTTCGCGATTAAATCACCTAAAGCGATTAATATAAAAATACTGAATGAAATTGGAGATAAATATGCGACTTTTGTTTACATTATACACCAGTTTATCATTGTGATATTTAAATTTTTAGTATCTAATGTTTATATTCTCAAATTTGGGACGATATTTGTCTTTTTGATATGTTGTTTTCTAGGGGTTCTATTTCAATTTATCAAAAACAGACTATTAAAAAGGTTTAGTTAA,,[gene=wciZ] [locus_tag=SPC15B_0016] [db_xref=GOA:Q6X851InterPro:IPR002656UniProtKB/TrEMBL:Q6X851][protein=putative acetyl transferase] [protein_id=CAI33371.1][location=13021..13998] [gbkey=CDS]
capsule_15c_fragmented,CR931665.1_14,3_11_0,FIBLKPLC_00015,MISDSRKQTEEFQKYFWYSGEIFEVGMPRNDALFHYKEDYDKLNNIRKKLSIDSDDYVILYAPTFRDDGDASYLDINFERLLQSIEQEIKKKCKILIRLHPNDSHFSNNISFNHDIIDVTLFSDMQELILLADVLLTDYSSAIFDFMLLNKPYVRYVNDLEKYAELRGVSDTYYELPDSIIKTAEELYDLLPKKIENFDYDSIKKYRNEILCPIFNGTASENVGRRIIQEL,ATGATTTCAGATAGCAGAAAACAAACTGAAGAATTTCAAAAGTATTTTTGGTATTCAGGAGAAATTTTTGAGGTGGGGATGCCGAGAAATGATGCCTTGTTTCACTATAAGGAAGACTACGACAAGTTAAATAATATCAGAAAAAAACTAAGCATTGATTCAGATGATTATGTTATTTTATATGCCCCTACTTTCAGAGATGATGGGGATGCATCTTATTTAGATATAAATTTTGAACGGCTTTTGCAAAGTATTGAACAAGAAATTAAGAAGAAATGTAAAATTTTAATTAGATTACATCCTAATGACTCTCATTTTAGTAATAATATTTCTTTTAATCATGACATAATTGATGTTACGCTATTCTCAGATATGCAGGAACTTATATTATTGGCAGATGTTTTACTGACAGATTATTCTTCCGCGATATTTGATTTTATGCTTTTAAACAAGCCTTATGTCAGATATGTGAATGATTTAGAAAAATATGCTGAGCTTAGGGGGGTATCAGATACATATTATGAATTGCCGGATTCTATTATTAAAACTGCTGAAGAATTGTATGACTTACTGCCTAAAAAAATAGAAAATTTTGATTATGATTCTATAAAAAAATATAGAAATGAAATACTGTGTCCAATCTTTAATGGAACCGCTAGTGAAAATGTAGGAAGGAGAATAATTCAAGAGTTGTGA,,[gene=wchX] [locus_tag=SPC15C_0017] [db_xref=GOA:Q6X850InterPro:IPR007554UniProtKB/TrEMBL:Q6X850][protein=putative glycerol phosphotransferase] [protein_id=CAI33395.1][location=14002..15150] [gbkey=CDS]
capsule_15c_fragmented,CR931665.1_16,3_12_0,FIBLKPLC_00016,MKQIENLYQNNITDITIIAGYKSSVLTDAVTEKYPEINIIDNVDFKTTNNMYSAYLGKAAMGDSDFLMMNADVFYDASVIKSLLLHKAPNAIVTDLGIYIEESMKVVEKNGRLVEISKQISPEETLGVSIDVYKFSYEAGARFFEKCKEFIEDKRELQMWSEVALNAILSEVEFVACPLEGRWLEIDNHEDLVAAEKLFA,ATGAAACAAATTGAAAATTTATATCAAAATAATATTACAGATATTACGATTATTGCTGGATATAAGTCATCTGTATTAACAGATGCAGTTACTGAAAAGTATCCAGAAATTAATATTATTGATAATGTTGATTTTAAAACGACTAATAATATGTATTCAGCCTATCTAGGAAAAGCTGCAATGGGTGATAGTGACTTCTTAATGATGAATGCAGATGTATTTTATGATGCTTCTGTTATTAAAAGTCTGTTGCTTCATAAAGCTCCAAATGCAATTGTAACTGATTTAGGTATTTATATTGAAGAGTCTATGAAAGTCGTAGAAAAAAATGGTCGTTTAGTAGAAATTTCTAAACAGATTTCACCTGAGGAAACTTTAGGAGTTTCTATTGATGTTTATAAATTCTCTTATGAAGCAGGTGCTCGATTCTTTGAAAAGTGTAAGGAATTTATTGAAGATAAACGAGAACTTCAAATGTGGAGTGAGGTTGCTCTTAATGCAATTCTTTCTGAAGTTGAATTTGTAGCATGTCCATTAGAGGGTCGTTGGTTAGAAATTGATAATCATGAAGACTTAGTTGCTGCAGAAAAACTATTTGCTTGA,,[gene=gtp2] [locus_tag=SPC15C_0019] [db_xref=GOA:Q6X848InterPro:IPR005835UniProtKB/TrEMBL:Q6X848][protein=putative nucleotidyl transferase] [protein_id=CAI33397.1][location=16230..16934] [gbkey=CDS]
capsule_15c_fragmented,CR931665.1_17,3_13_0,FIBLKPLC_00017,LIKELSDAGIDVTEQVSADIDVVLVGFDTELTSDKIRNTCEILSTKDIPFIATNPDIRCPVSFGFIPDCGSICDMISKSVDRKPVYIGKPEPTMVDIVRKKLNYSLFETVVIGDRLYTDIMTGINAGVTSVCVLTGEATVNDIQQGSIKPTYTFKNVKEMWKGIV,TTGATAAAAGAACTATCTGACGCAGGAATTGATGTAACTGAGCAAGTTAGTGCTGATATAGATGTTGTTCTTGTTGGTTTTGATACAGAATTAACCAGTGATAAAATTCGCAATACCTGCGAGATTCTATCAACAAAGGACATACCTTTCATAGCTACTAACCCTGATATTCGCTGCCCAGTATCGTTTGGATTCATCCCAGATTGTGGTTCTATTTGTGATATGATTAGTAAATCAGTCGATAGGAAACCTGTTTACATAGGTAAACCTGAACCTACGATGGTTGATATTGTTCGAAAAAAATTAAATTATTCTCTATTTGAAACAGTTGTGATTGGAGATCGCTTGTATACGGATATCATGACTGGTATAAATGCAGGAGTAACTTCAGTTTGTGTGCTGACAGGAGAAGCAACGGTGAATGATATTCAACAAGGTAGTATAAAACCGACTTATACATTTAAAAACGTGAAAGAAATGTGGAAAGGAATTGTCTGA,,[gene=gtp3] [locus_tag=SPC15C_0020] [db_xref=GOA:Q4K1L2InterPro:IPR005834InterPro:IPR006357UniProtKB/TrEMBL:Q4K1L2][protein=putative phosphotransferase][protein_id=CAI33398.1] [location=16931..17782] [gbkey=CDS]
capsule_15c_fragmented,CR931665.1_17,3_13_1,FIBLKPLC_00018,MKAQAIVTSQGRIVSLDITVNYCHDMKLFKMSRRNIGQAGKILADSGYQGLMKIYPQAQTPRKSSKLKPLTVEDKAYNHALSKERSKVENIFAKVKTFKMFSTTYRNHRKRFGLRMNLIAAIINHELGF,ATGAAGGCTCAGGCGATTGTCACAAGTCAAGGGAGAATTGTTTCTTTGGATATCACTGTGAACTATTGTCATGATATGAAGTTGTTCAAAATGAGTCGCAGAAATATCGGACAAGCTGGTAAAATCTTGGCTGACAGTGGTTATCAAGGGCTCATGAAGATATATCCTCAAGCACAAACTCCACGTAAATCCAGCAAACTCAAGCCGCTAACAGTTGAAGATAAAGCCTATAACCATGCGCTATCCAAGGAGAGAAGCAAGGTCGAGAACATCTTTGCCAAAGTAAAAACGTTTAAAATGTTTTCAACAACCTATCGAAATCATCGTAAACGCTTCGGATTACGAATGAATTTGATTGCTGCTATTATCAATCATGAACTAGGATTCTAG,,IS5 family transposase ISSpn7
capsule_15f_fragmented,CR931666.1_1,4_0_0,KDPAADCO_00001,MNIKKRVLSAGLTFASALLLAACGQSGSDTKTYSSTFSGNPTTFNYLLDYYADNIVN,ATGAACATAAAGAAGCGTGTCCTTAGTGCAGGCCTGACTTTTGCATCTGCTTTGCTTTTAGCTGCTTGCGGCCAATCAGGTTCAGATACAAAAACTTACTCATCAACCTTTAGTGGAAATCCAACTACATTTAACTATCTATTAGACTATTACGCTGATAATATAGTCAATTGA,,hypothetical protein
capsule_15f_fragmented,CR931666.1_1,4_0_1,KDPAADCO_00002,MLVRETSETILQKSRSSSSLRKSLERLIHHLLDLQPKKSSDIFFQILCLLLTDLLMSDHILDKNKYRILFRQSKQVLGALNY,ATGTTGGTAAGAGAAACTTCTGAAACCATACTTCAAAAAAGTCGCTCGTCATCGTCTCTTCGTAAGTCATTGGAACGATTAATTCACCATTTATTAGACCTGCAACCAAAGAAATCCTCTGATATCTTCTTCCAGATACTTTGCCTCTTATTAACTGACCTTTTAATGAGCGACCATATTCTCGATAAAAATAAGTATCGAATCCTGTTTCGTCAATCTAAACAGGTGCTAGGTGCTTTAAACTATTAA,,hypothetical protein
capsule_15f_fragmented,CR931666.1_1,4_0_2,KDPAADCO_00003,MWYNLFMAYSIDFRKKALSYCERTGSITEASHVFQISRNTIYGWLKLKEKTGELNHQVKGIKPRKVDRDRLKNYLTDNPDAYLTEIASEFGCHPTTIHYALKAMGYTRKKEPHLL,ATGTGGTATAATCTTTTTATGGCATATTCAATAGATTTTCGTAAAAAAGCTCTCTCTTATTGTGAGCGAACAGGTAGTATAACAGAAGCATCACACGTTTTCCAAATCTCACGTAATACCATTTATGGCTGGTTAAAGCTAAAAGAGAAAACAGGAGAGCTAAACCACCAAGTAAAAGGAATAAAACCAAGAAAAGTTGATAGAGATAGACTTAAAAACTATCTTACTGACAATCCAGACGCTTATTTGACTGAAATAGCTTCTGAATTTGGCTGTCATCCAACTACCATCCACTATGCGCTCAAAGCTATGGGCTACACTCGAAAAAAAGAACCACACCTACTATGA,,IS630 family transposase IS630-Spn1
capsule_15f_fragmented,CR931666.1_2,4_1_0,KDPAADCO_00004,MTVNRDTKKILLTTTPRDAYVPIADGGNNQKDKLTHAGIYGVDSSIHTLENLYGVDINYYVRLNFTSFLKMIDLLGGVDVHNDQEFSTLHGKFHFPVGNVHLDSEQALGFVRERYSLADGDRDRGRNQQKVIVAIIKKLTSTEVLKNYSSILQGLQDSLQTNMPIETMIDLVNTQLESGGNYKVNSQDLKGTGRMDLPSYAMPDSNLYVMEIDDSSLAVVKAAIQDVMEGR,ATGACTGTCAATCGAGATACCAAGAAAATCCTCTTGACCACAACACCACGTGATGCCTATGTACCAATCGCAGATGGTGGAAATAATCAAAAAGATAAATTAACCCATGCGGGCATTTATGGAGTTGATTCGTCCATTCACACCTTAGAAAATCTCTATGGAGTGGATATCAATTACTATGTGCGATTGAACTTCACTTCTTTCTTGAAAATGATTGACTTATTGGGAGGGGTAGATGTTCATAATGATCAAGAATTTTCAACTCTACATGGGAAGTTCCATTTCCCAGTAGGGAATGTCCATCTAGACTCTGAGCAGGCTCTCGGTTTTGTACGTGAACGCTACTCACTAGCCGATGGAGACCGTGACCGTGGTCGCAACCAACAAAAGGTCATTGTAGCAATTATTAAGAAGTTAACTTCTACAGAGGTTTTGAAAAACTATAGTAGTATTCTTCAAGGATTGCAGGATTCTCTTCAAACAAATATGCCGATTGAGACTATGATAGATTTAGTGAATACTCAGTTGGAGAGTGGAGGGAATTATAAAGTAAATTCGCAAGACTTGAAAGGTACAGGTCGGATGGATCTTCCTTCTTATGCAATGCCAGACAGTAACCTCTATGTGATGGAAATAGATGATAGTAGTTTAGCTGTAGTTAAAGCAGCTATACAGGATGTGATGGAGGGTAGATGA,,[gene=wzg] [locus_tag=SPC15F_0004] [db_xref=GOA:Q4K1K9InterPro:IPR004190InterPro:IPR004474UniProtKB/TrEMBL:Q4K1K9][protein=integral membrane regulatory protein Wzg] [protein_id=CAI33405.1] [location=1544..2998][gbkey=CDS]
capsule_15f_fragmented,CR931666.1_3,4_2_0,KDPAADCO_00005,LAEAYRQGVRTIVSTSHRRKGMFETPEEKIAENFLQVREIAKEVASDLVIAYGAEIYYTPDVLDKLGKKRIPTLNDSRYALIEFSMNTPYRDIHSALNKILMLGITPVIAHIERYDALENNEKRVRELIDMGCYTQVNSSHVLKSKLFGERYKFMKKRAQYFLEQDLVHVIASDMHNLDGRPPHMAEAYDLVTQKYGEAKAQELFVDNPRKIIMDQLI,TTGGCAGAAGCCTACAGACAGGGGGTGCGAACCATTGTCTCTACCTCTCACCGTCGCAAGGGCATGTTTGAAACTCCGGAAGAGAAGATAGCAGAAAACTTTCTTCAGGTTCGGGAAATAGCTAAGGAAGTGGCGAGTGACTTAGTCATTGCTTACGGGGCTGAAATTTACTACACACCAGATGTTCTGGATAAGCTGGGAAAAAAGCGGATTCCGACCCTCAATGATAGTCGTTATGCCTTGATAGAGTTTAGTATGAACACTCCTTATCGCGATATTCATAGCGCCTTGAACAAGATCTTGATGTTGGGAATTACTCCAGTCATTGCCCACATTGAGCGCTATGATGCTCTTGAAAATAATGAAAAACGCGTTCGAGAATTGATCGATATGGGCTGTTACACGCAAGTAAATAGTTCACATGTCCTCAAATCCAAACTTTTTGGCGAACGTTATAAATTCATGAAAAAAAGAGCTCAGTATTTTTTAGAGCAGGATTTGGTCCATGTCATTGCAAGTGATATGCACAATCTAGACGGCAGACCTCCTCATATGGCAGAAGCATATGACCTTGTTACCCAAAAATACGGAGAAGCGAAGGCTCAGGAACTTTTTGTAGATAATCCCAGAAAAATTATAATGGATCAATTAATTTAG,,[gene=wzh] [locus_tag=SPC15F_0005] [db_xref=GOA:Q4K1K8InterPro:IPR004013InterPro:IPR016667UniProtKB/TrEMBL:Q4K1K8][protein=protein-tyrosine phosphatase Wzh] [protein_id=CAI33406.1] [location=3000..3731] [gbkey=CDS]
capsule_15f_fragmented,CR931666.1_5,4_3_0,KDPAADCO_00006,MLETLRKYFDYIIVDTAPVGVVIDAAIITRKCDASILVTEAGEINRRDIQKAKEQLEHTGKPFLGVVLNKFDTSVDKYGSYGNYGDYGKNKK,ATGCTTGAAACCTTGCGTAAATATTTTGACTATATCATTGTAGATACTGCTCCTGTCGGTGTCGTGATTGATGCGGCTATTATTACGCGAAAATGCGATGCTTCTATTTTAGTGACGGAGGCAGGTGAAATAAATCGACGGGATATTCAAAAAGCAAAAGAACAGTTGGAACACACAGGGAAGCCGTTTTTGGGAGTTGTGTTGAATAAATTCGATACTTCAGTAGACAAATACGGTTCTTATGGAAATTATGGAGATTACGGGAAAAATAAAAAATAG,,[gene=wze] [locus_tag=SPC15F_0007] [db_xref=GOA:Q4K1K6InterPro:IPR002586InterPro:IPR005702UniProtKB/TrEMBL:Q4K1K6][protein=tyrosine-protein kinase Wze][protein_id=CAI33408.1] [location=4442..5131] [gbkey=CDS]
capsule_15f_fragmented,CR931666.1_6,4_4_0,KDPAADCO_00007,MSLVGTRPPTVDEYEHYTPEQKRRLSFKPGITGLWQVSGRSEIKNFDEVVKLDVAYIDDWTIWKDIEILLKTVKVVFMRDGAK,ATGAGTTTGGTTGGCACACGGCCACCAACAGTGGACGAGTATGAACACTATACCCCAGAACAAAAACGTCGGCTAAGTTTTAAACCTGGTATAACAGGCTTATGGCAGGTCAGTGGACGAAGTGAGATTAAGAATTTTGATGAAGTTGTCAAATTAGATGTAGCCTATATAGACGATTGGACAATTTGGAAAGACATTGAAATTTTATTGAAGACAGTTAAAGTTGTATTTATGAGAGACGGAGCGAAGTAG,,[gene=wchA] [locus_tag=SPC15F_0008] [db_xref=GOA:Q4K1K5InterPro:IPR003362InterPro:IPR017475UniProtKB/TrEMBL:Q4K1K5][protein=undecaprenylphosphate glucosephosphotransferase WchA (initial sugar transferase)] [protein_id=CAI33409.1][location=5146..6513] [gbkey=CDS]
capsule_15f_fragmented,CR931666.1_7,4_5_0,KDPAADCO_00008,LIISSGAAIAVPFFYIGKLFGSKTVYIEVFDRIDASTLTGKLVYPVTDRFIVQWEEMKKVYPKAINLGGIF,TTGATTATTTCTTCTGGTGCCGCTATCGCTGTTCCTTTCTTTTATATTGGGAAGTTATTTGGATCAAAGACAGTGTATATAGAAGTTTTTGATAGAATTGATGCTTCAACACTGACAGGAAAACTTGTTTATCCAGTAACGGATAGGTTTATTGTTCAATGGGAAGAAATGAAAAAAGTATATCCAAAGGCAATTAATCTCGGAGGGATTTTCTAA,,[gene=wchJ] [locus_tag=SPC15C_0009] [db_xref=GOA:Q4K1M2InterPro:IPR013969UniProtKB/TrEMBL:Q4K1M2][protein=putative glycosyl transferase enhancer] [protein_id=CAI33387.1][location=6163..6612] [gbkey=CDS]
capsule_15f_fragmented,CR931666.1_9,4_6_0,KDPAADCO_00009,LYTFFNVTKALSYENRTEFAGRTNTISFLWDNLFYYDYISAIFGKGLGSYSVNYIYELGKMLADGGFISVILLYSFLLSLFIRGTITRGKNKQSERLIVSIIAFVVMISIIVWNSTFSRPTYLVFFFLAIGNAAYKSTKLIRRD,TTGTATACTTTTTTTAATGTTACAAAGGCATTATCATATGAGAATAGGACAGAGTTTGCGGGACGAACAAATACTATTTCCTTCCTATGGGACAACTTATTTTATTATGATTATATTAGTGCTATATTTGGGAAAGGACTAGGTTCATACTCTGTTAATTATATTTATGAACTTGGTAAAATGCTTGCAGATGGTGGTTTTATTTCAGTGATTTTGCTTTATTCATTTTTGTTGTCATTATTCATACGGGGAACTATTACTAGAGGAAAAAATAAGCAAAGTGAAAGACTAATTGTATCCATCATAGCTTTTGTGGTGATGATTAGCATTATTGTTTGGAATAGTACGTTCTCTAGACCAACTTATCTTGTATTTTTCTTTCTAGCAATAGGTAATGCAGCGTATAAGTCTACTAAATTAATAAGAAGGGATTGA,,[gene=wzy] [locus_tag=SPC15F_0011] [db_xref=UniProtKB/TrEMBL:Q4K1K2] [protein=oligosaccharide repeat unit polymerase Wzy] [protein_id=CAI33412.1] [location=7453..8664][gbkey=CDS]
capsule_15f_fragmented,CR931666.1_10,4_7_0,KDPAADCO_00010,MDFRFYLANLYVNNLFKFDSPYSSKEKLDQIAQQLKKYRLFLDEKVSKEKMPKNINEMIVFYLLKLKIPVLIYSFYSFKEWWKRRKIKNEG,ATGGATTTTAGATTTTACCTTGCTAACTTGTATGTAAATAATTTATTTAAATTTGATTCTCCGTATTCATCAAAAGAAAAACTAGACCAAATTGCTCAACAATTAAAAAAGTATAGATTATTTTTAGATGAAAAAGTCAGCAAAGAAAAGATGCCTAAAAATATAAATGAGATGATTGTTTTTTATTTACTAAAATTGAAAATTCCAGTGTTGATTTATTCTTTTTATTCGTTTAAAGAGTGGTGGAAGAGAAGAAAAATTAAAAATGAAGGATAA,,[gene=wchL] [locus_tag=SPC15C_0012] [db_xref=GOA:Q4K1L9InterPro:IPR001173UniProtKB/TrEMBL:Q4K1L9][protein=putative glycosyl transferase] [protein_id=CAI33390.1][location=8274..9299] [gbkey=CDS]
capsule_15f_fragmented,CR931666.1_11,4_8_0,KDPAADCO_00011,MKGQYVAFIDSDDYISKDYVWKLYSSIKNNDSEVSICSFLLVDEKGEKIKDELLDSGKICLTGQQILEKVLTADGYRYVVAWNKLYRSTLFEKLKFKKGMLYEDEFLNYPLFWDCKRVSIVEEPLYLYVQRKGSIVQSNMTLEKIKMKDEMHTSRIEFYSEKGHSFLHEKACQQYCNWIVTATTNHSKILNPNFSKYLQRQFRKFAKYTRNNDIRLIVQNILGFIDIRLAAYVKSKVM,ATGAAAGGTCAATATGTAGCGTTTATTGATAGCGATGACTACATATCTAAGGATTATGTCTGGAAGTTGTATTCTTCTATAAAAAATAATGATTCCGAGGTGTCGATTTGTTCTTTTTTATTAGTCGATGAAAAAGGGGAAAAAATAAAAGATGAGCTATTAGATTCGGGAAAAATATGCTTGACTGGTCAACAAATATTAGAAAAAGTATTAACAGCCGACGGCTATCGCTATGTTGTTGCTTGGAATAAGCTTTATCGGTCAACTTTATTTGAAAAATTAAAATTTAAAAAAGGAATGTTGTATGAGGATGAATTTCTTAACTATCCTCTATTTTGGGACTGTAAAAGGGTATCAATTGTAGAGGAGCCGTTATATTTATACGTTCAACGAAAAGGAAGCATTGTACAAAGTAATATGACTTTAGAAAAAATAAAGATGAAGGATGAGATGCATACTTCACGCATTGAGTTTTATTCAGAAAAGGGGCATTCTTTTTTGCACGAAAAAGCGTGTCAACAGTACTGCAATTGGATTGTTACAGCGACTACCAATCATAGTAAGATTTTAAATCCTAATTTTTCGAAGTATTTACAACGACAGTTTAGAAAGTTCGCTAAATATACACGAAACAATGATATTAGACTAATTGTGCAGAACATTCTAGGATTTATAGATATTCGTTTAGCAGCTTATGTAAAATCAAAAGTAATGTAG,,[gene=wchM] [locus_tag=SPC15F_0013] [db_xref=GOA:Q4K1L8InterPro:IPR001173UniProtKB/TrEMBL:Q4K1L8][protein=putative glycosyl transferase] [protein_id=CAI33414.1][location=9702..10658] [gbkey=CDS]
capsule_15f_fragmented,CR931666.1_13,4_9_0,KDPAADCO_00012,LIPRAKDKDYVVSLIAGAVVNLVLNYFFIKPFGAMGATVSTVLAEFVLSGMQFWSVRRDLDLKRYLKNGLIFYLFGLIMYLVIITLKTQLPYNIMSLILLIVLGGIVYVIFCCCYILMSRNLHFKLLKEKIIRKVVHKNTL,TTGATTCCTAGAGCTAAGGATAAAGATTATGTAGTGTCTCTAATTGCGGGGGCTGTTGTTAATCTAGTGCTAAACTATTTTTTTATAAAACCTTTTGGTGCTATGGGAGCAACAGTTAGTACAGTTTTGGCAGAATTTGTATTGTCTGGAATGCAGTTTTGGTCAGTAAGAAGAGACTTAGATTTAAAAAGATATTTGAAAAACGGTTTGATATTCTACCTATTTGGTCTGATTATGTACCTTGTTATTATAACACTCAAAACTCAGTTACCATACAATATAATGAGTCTTATTTTACTAATAGTTTTGGGTGGAATAGTATATGTTATTTTTTGTTGTTGCTATATTTTAATGTCAAGAAATTTACATTTTAAGTTATTGAAGGAAAAGATTATACGAAAGGTTGTACATAAAAATACATTATAA,,[gene=wzx] [locus_tag=SPC15F_0015] [db_xref=GOA:Q4K1J8InterPro:IPR002797UniProtKB/TrEMBL:Q4K1J8][protein=flippase Wzx] [protein_id=CAI33416.1] [location=11587..13050][gbkey=CDS]
capsule_15f_fragmented,CR931666.1_14,4_10_0,KDPAADCO_00013,MFFLISGFYSYNISKNKIRNRIKKIFRLILRSTFFYVIIFVWMFWREGNMQFIFQNFNLTNIIRFVIFNRISDLIGYLATPLWYLFAILYIYIYLYFSNKRLLLTKRWISILLLFSFIMEATISDSIFYRNFLFMGIPFFGIGILIAQKQKEIINCKIINKILILGTIIYPILIFLEYYILGNSFEVYISSVLATIILMIFAIKSPKAINIKILNEIGDKYATFVYIIHQFIIVIFKFLVSNVYILKFGTIFVFLICCFLGVLFQFIKNRLLKRFS,ATGTTCTTTTTGATTTCTGGCTTTTATTCATATAATATTTCAAAGAATAAAATACGGAATAGAATTAAAAAAATATTTAGATTGATATTAAGAAGTACATTTTTTTATGTAATAATATTTGTATGGATGTTTTGGAGAGAAGGTAATATGCAGTTTATTTTTCAAAACTTTAATTTAACAAATATTATAAGATTTGTGATTTTTAATAGAATTTCAGATTTAATAGGCTATCTAGCAACACCGTTATGGTATTTATTTGCCATACTATATATATATATTTACCTTTATTTTTCCAATAAAAGACTACTATTGACAAAACGATGGATCTCTATACTTTTACTATTTTCTTTCATTATGGAAGCTACAATTAGCGATTCAATTTTTTATAGAAATTTTTTATTTATGGGAATACCATTTTTTGGAATAGGAATTCTTATTGCACAGAAGCAAAAGGAGATTATTAATTGTAAAATAATAAACAAAATATTAATCTTGGGAACAATTATCTATCCAATACTAATATTTTTAGAATATTATATCTTGGGTAATTCTTTTGAGGTCTATATAAGTTCTGTGCTAGCAACCATAATATTGATGATTTTCGCGATTAAATCACCTAAAGCGATTAATATCAAAATACTGAATGAAATTGGAGATAAATATGCGACTTTTGTTTACATTATACACCAGTTTATCATTGTGATATTTAAATTTTTAGTATCTAATGTTTATATTCTCAAATTTGGGACGATATTTGTCTTTTTGATATGTTGTTTTCTAGGGGTTCTATTTCAATTTATCAAAAACAGACTATTAAAAAGGTTTAGTTAA,,[gene=wciZ] [locus_tag=SPC15F_0016] [db_xref=GOA:Q4K1J7InterPro:IPR002656UniProtKB/TrEMBL:Q4K1J7][protein=putative acetyl transferase] [protein_id=CAI33417.1][location=13406..14383] [gbkey=CDS]
capsule_15f_fragmented,CR931666.1_15,4_11_0,KDPAADCO_00014,MFCIGPDAITSISISVIEGIAAPKLFGLSSCLFKTATGEAMPSFAAVVGIDR,ATGTTTTGTATAGGTCCTGATGCAATAACATCAATATCAATTAGTGTCATTGAGGGGATAGCCGCCCCTAAGCTTTTTGGTCTATCATCCTGTCTTTTCAAAACAGCAACTGGGGAAGCAATGCCATCATTTGCTGCTGTTGTCGGAATCGATAGGTAA,,hypothetical protein
capsule_15f_fragmented,CR931666.1_18,4_12_0,KDPAADCO_00015,LFEGTLELLDYIHNIGGEYIFITNNSSKSVVDYVEKVNRLGIKAERDNFFTSAQATIVYIKENYPKSKVYCQGTKSLIKELSDAGIDVTEQVSADIDVVLVGFDTELTSDKIRNTCEILSTKDVPFIATNPDIRCPVSFGFIPDCGSICDMISKSVDRKPVYIGKPEPTMVDIVRKKLNYSLFETVVIGDRLYTDIMTGINAGVTSVCVLTGEATVNDIQQGSIKPTYTFKNVKEMWKGIV,TTGTTTGAGGGTACTCTCGAATTATTAGACTATATTCATAATATTGGCGGTGAGTATATTTTTATTACAAACAATTCATCTAAGTCTGTTGTTGACTATGTTGAAAAAGTTAACAGATTAGGTATTAAAGCTGAACGAGATAATTTTTTTACCTCTGCTCAAGCCACAATTGTTTATATTAAAGAAAATTATCCTAAATCTAAAGTTTATTGCCAAGGAACAAAATCTTTGATAAAAGAACTATCTGACGCAGGAATTGATGTAACTGAGCAAGTTAGTGCTGATATAGATGTTGTTCTTGTTGGTTTTGATACAGAATTAACCAGTGATAAAATTCGCAATACCTGCGAGATTCTATCAACAAAGGACGTACCTTTCATAGCTACTAACCCTGATATTCGCTGCCCAGTATCGTTTGGATTCATCCCAGATTGTGGTTCTATTTGTGATATGATTAGTAAATCAGTCGATAGGAAACCTGTTTACATAGGTAAACCTGAACCTACGATGGTTGATATTGTTCGAAAAAAATTAAATTATTCTCTATTTGAAACAGTTGTGATTGGAGATCGCTTGTATACGGATATCATGACTGGTATAAATGCAGGAGTAACTTCAGTTTGTGTGCTGACAGGAGAAGCAACGGTGAATGATATTCAACAAGGTAGTATAAAACCGACTTATACATTTAAAAACGTGAAAGAAATGTGGAAAGGAATTGTCTGA,,[gene=gtp3] [locus_tag=SPC15F_0020] [db_xref=GOA:Q4K1N0InterPro:IPR005834InterPro:IPR006357UniProtKB/TrEMBL:Q4K1N0][protein=putative phosphotransferase][protein_id=CAI33421.1] [location=17332..18165] [gbkey=CDS]
capsule_15f_fragmented,CR931666.1_20,4_13_0,KDPAADCO_00016,VTGTKNVAKASEKHGATLVYISTDYVFDGKKPVGQEWEVDDRPDPQTEYGRTKRMGEELVEKHVSNFYIIRTAWVFGNYGKNFVFTMQNLAKTHKTLTVVNDQYGRPTWTRTLAEFMTYLAENRKEFGYYHLSNDATEDTTWYDFAVEILKDTDVEVKPVDSSQFPAKAKRPLNSTMSLAKAKATGFVIPTWQDALQEFYKQEVR,GTGACGGGGACAAAAAATGTCGCAAAAGCATCTGAAAAGCATGGTGCAACTCTAGTTTATATTTCTACGGACTATGTCTTTGACGGTAAGAAACCAGTTGGACAAGAGTGGGAAGTTGATGACCGACCAGATCCACAGACAGAATATGGACGCACTAAGCGTATGGGGGAAGAGTTAGTTGAGAAGCATGTGTCTAATTTCTATATTATCCGTACTGCCTGGGTATTTGGAAATTATGGCAAAAACTTCGTTTTTACCATGCAAAATCTTGCGAAAACTCATAAGACTTTAACAGTTGTAAATGACCAGTACGGTCGTCCGACTTGGACTCGTACCTTGGCTGAGTTCATGACCTACCTAGCTGAAAATCGTAAGGAATTTGGTTATTATCATTTGTCAAATGATGCGACAGAAGACACAACATGGTATGATTTTGCAGTTGAAATTTTGAAAGATACAGATGTCGAAGTCAAGCCAGTAGATTCCAGTCAATTTCCAGCCAAAGCTAAACGTCCGCTAAACTCAACGATGAGCCTGGCCAAAGCCAAAGCTACTGGATTTGTTATTCCAACTTGGCAAGATGCATTGCAAGAATTTTACAAACAAGAAGTGAGATAA,,[gene=rmlD] [locus_tag=SPC15F_0022] [db_xref=GOA:Q4K1G6InterPro:IPR005913InterPro:IPR016040UniProtKB/TrEMBL:Q4K1G6][protein=dTDP-4-keto-L-rhamnose reductase RmlD] [protein_id=CAI33423.1] [location=19145..19996][gbkey=CDS]
capsule_15f_fragmented,CR931666.1_21,4_14_0,KDPAADCO_00017,MFAKYQEEASKNDKVIFCGRLADYKYYDMHVVIERALEVVEKEFGYDKK,ATGTTTGCTAAGTACCAAGAGGAAGCTTCAAAGAATGATAAGGTTATTTTCTGTGGACGTTTAGCAGATTATAAATATTATGATATGCATGTGGTGATTGAACGGGCGCTTGAGGTTGTGGAGAAAGAGTTTGGATATGACAAAAAGTAG,,[gene=glf] [locus_tag=SPC15F_0023] [db_xref=GOA:Q4JZV2InterPro:IPR004379InterPro:IPR006076InterPro:IPR015899InterPro:IPR016040UniProtKB/TrEMBL:Q4JZV2][protein=UDP-galactopyranose mutase Glf] [protein_id=CAI33424.1][location=20059..21168] [gbkey=CDS]
capsule_15f_fragmented,CR931666.1_22,4_15_0,KDPAADCO_00018,VLFDFIYMFAWFLFYEVGSKKDYVSYINPGLWGIAFIVCVLVAFAIFPKMEKNFPKTFLYFTKYGKDSLGIYILHAPICSMIRILMLKVGINSVFLHVVVGIVLGWYLSILATYILKKIPFLNIVLLPQKYIKLK,GTGTTATTTGATTTTATTTATATGTTCGCTTGGTTCTTGTTTTATGAAGTAGGGTCTAAGAAGGATTATGTAAGCTATATTAACCCAGGTTTGTGGGGGATTGCTTTTATTGTCTGTGTATTAGTTGCTTTTGCGATTTTTCCTAAAATGGAGAAAAATTTTCCTAAAACTTTCCTATATTTCACTAAATACGGGAAAGATAGTTTAGGGATCTATATTCTTCATGCACCAATTTGTAGCATGATTCGGATTCTAATGTTGAAAGTGGGAATAAACTCAGTTTTTCTTCACGTTGTTGTTGGGATTGTGCTAGGCTGGTATTTATCCATACTAGCAACTTATATATTGAAAAAAATTCCATTTTTGAATATTGTTTTATTACCACAAAAGTATATTAAATTAAAATAA,,[gene=wcjE] [locus_tag=SPC15F_0024] [db_xref=GOA:Q4K1I9InterPro:IPR002656UniProtKB/TrEMBL:Q4K1I9][protein=putative acetyl transferase] [protein_id=CAI33425.1][location=21116..22183] [gbkey=CDS]
capsule_15c_fragmented,,3_refound_0,3_refound_0,MNIKKRVLSAGLTFASALLLAACDQSGSDTKTYSSTFSGNPTTFNYLLDY*X,ATGAACATAAAGAAGCGTGTCCTTAGTGCAGGTCTGACTTTTGCATCTGCTTTGCTTTTAGCTGCTTGCGACCAATCAGGTTCAGATACAAAAACTTACTCATCAACCTTTAGTGGAAATCCAACTACATTTAATTACCTATTAGACTATTAA,,
